name,sequence
1,GCGATTGAGCATTATGCCGCGGATTTGAAATCCTCGCAGTAACACTGGTAGCGATAATTCCACGAACAGTTCCCAGCCACGCTGAGTGGACCCCGGCACTCAAGAAACTCCCGCGTGCGTAAGGGGTCTTCTGTATTTTCGAGTACAAAATTCGGGCGGCCGGAGTTGACAACCTGCGGGCCCGCCCCGGTCTTTGATTACCGGCAAATTAGTAGCTTAATGGTTTCAGAGTCGAAGTTATGCCGCATGGGTATTCGCACATAGGTTCCAACTAAGCATAGCCAACTCTTATGCGTCATAAGCCGTCTGGGAAGGAGCGCACTATGATATCTGCGTAACTAAGGCGAAAATTACACGGTGACCCAGCGCACACAAGAAAGTTGGTCGGGGGGACGCTCGACTAGAGCTTTCGACCCCAGGGTGAGCTACGTGCTTTGATTCGTTGAACCCGTCGATAACTGGTCTTGGTGAGCTAAAACACGACCAGGTTAGCTATCACTACCAGCTGTGGAATGTGTGTCAGTTAGGGTGTGGAAAGTCCCCAGGCTCCCCAGTAGGCAGAAGTATGCAAAGCATGCATCTCAATTAGTCAGCAACCAGACAATGGTATTTTCATGGGCGCACCCGTGAGGTCACATAGTAATCTACAAAGCCCGCAAGGAGTCTCGTGGCACGCGCAGGCATGGAGACCCTATTCTGTCTGGTGAGACGACACAGTCGTTTGGGGTAGGGGTTGTTCTTGTATACGCGAAGCCGTGTCTGTTGTTCACGAGCCAAGCATAGTTGACTCGGGCGCCACTCCTACCCCCAGAATTCTATGGATAGGACTTCTAGTTGGATGGCGAGGCGACCTGTCTGCATTCCCCATCAGATAGGCATGGAATAATGAGGTGAGTTCGATAGTCTCGTATTAGCAGGCCAGGTTAAACGCGTCAAGGATAAGGTCTCCTCGCTCAACCATGTGTAAACATCTATCGGGCCCGAAATGTGACTCCATACC
2,GTGTCGGAGTAAGGGTCGGTCTTGTGCTCCGGTCTCAGGCGCAACGATCAATTGAGAAAGTCTGTATGATTCCAGCACAGCCCCCCTTGGTCTGGGTCGCAGTAGCATACGGTAACTTCCGCAGTGGAGTCCCGCTGGTACCCCTCTTCCAGCATCACAAGGAGTGGGTGTGCAGGTGCAGGAACATAGTACCTTGGTAAGTGTACAGTACCGCCAAGAGCCCTCTAGATATTCAGGTGTCGTCACATAACCTCTTTGGGTGACTCTTTGCGTCGACCACATAGCTTGAACCATGACCTGAGCCCCACTAGTTCGCGATTCGATAACCCAGAAGTGGCCGCCTAGCCTTAACCCGCATTTTTTGAAGCTACACCGTGCGGGATTGGGAAAAATGATACGCTCGTCTTGCTCCGACCGAAGAAATTTCCGTGTAGGACATGATTCTGCCTTCGCTTCCTGAATTATACCTCCGACAAATAGCCTCCCTTCAAGGATGAACAACCAGCTGTGGAATGTGTGTCAGTTAGGGTGTGGAAAGTCCCCAGGCTCCCCAGTAGGCAGAAGTATGCAAAGCATGCATCTCAATTAGTCAGCAACCAGTAGCTCGTCGCGAATGCCTCCTCTACCTCTTGCGGCACGCGCTAGGTTGAAGTGGTGGTGTATCTTTTAACATACCGTACAGGAGAATAGGATCGCTTCCTTTTTATGGCTGATCAGCCCTAGCAGGGGCATTCCTCTTCTCAAAGTTCTGCCCTCAACACATCCCACCTCCCCGGCCGTCATGGCTCTCTACCCAGAATCTCTATTGATCGCTGTCCCGTTTGGCCGAGAAGGGTTGGTCTATACCCATTTGAGTCAGTCGGGTCAGTTACAGCGCTGTCGGCCCTGGGCTGTTGGATCAAGAGCCCTTTAAGTTGTGGATACGCTTATCCCTCTGAAGGAATCTACCCGTGTGTACGATATAGTGCTCGTAAAGTGGGAACAATGGTAAATTTGTGAG
3,CATCTACAGTCTCGAATTAACTCTGCATGTAAGCTACGTGGACAATCACCTACTGGCAAGATTGCTTTGGCAAAGATGACCGGACGTTAGAGTACCCACAAACGATCTAGAATGGCAAAGCCCTAACGGTGCGCCTTGAGTTCGCACCCGAGAGCTCCATCGTCATATAAGACTTATTCCACGCTCACTAAGTAACCCCGCACGCCGTGCGGAGTTGGGAGAAACATGACTTTCCTTGCGCAACTGTTTTACAGTCTCGCGTTATTGGTGTAAAATTATGCTGACGCTGCTCCGTTGGCACGATTCCTACCGTAGTGCAAGGGTAGTGCAACATTATATTCTCCCTGTTCGGGAAGCGATCAGCAGTACACACACATGCCTAAATGAAAGTCCGGTCTAGTGCCTATGAACAAACCCAGCACGATAAAGAAAAGTAGTGCCCTGAGCAAGATCCATCGTCCACTAATTAGTTGTTGGGCCACTCGAGCCGGAACAGATAAACCAGCTGTGGAATGTGTGTCAGTTAGGGTGTGGAAAGTCCCCAGGCTCCCCAGTAGGCAGAAGTATGCAAAGCATGCATCTCAATTAGTCAGCAACCAGTGTTCCCGACCTCAGGATTTAGCGCGGAGTTCTCGGTTTATTTCACCCGCAATGTGCATTCGGGGTAACACCCGTCCCATTCCAGGAGACATTGGCAGCTGCCATGACGTATTTGGAAGCGACCACCTTGTTCCAGACACGCGACCGCCGGAACGCCTTGAGACTATTGTCTGTGCTAAAGGTTAGGCCGGGCGCACCAGGAAGCGTCATCAATCCGACGAAGACCCCGGGTATGTAAACTGCAGACATAGCTTGAATACCCCGAAGTGCCCAACAGCTTGTGCTACCCATCCGTGGTTGCAGTTTCGGAGATGTATAGGCTAGCCATTGCAGAGCGACACAGATAACTGGAACAGGGTAAGCAGCGGGGGATCCCATGATAGCCCTGAGAATTTTATAA
4,ATCAGTCTAACTGGGGATTCTCGACGTTTGAGATTCGTCGCGTCCCGGAAAAGTTCTACGGTTTTAGTGTACCCGCATAAACTCAGTCATGCTACGGCCTTGGACGGTCAGGGTGCTTCTTCTGCGAGCAATTACGCGCTGGTGCGCCCGGGCCCCCTTAGCCAGCCTTGGCCAGGCGTCGATTTTTCCGCAAGGGCACACGTATTGCTCGGGCCCAGATGCCACTGTTCTTACACGCAAGTCGCAGTGTCTGTTTATCCTACCGGTGTGGCGAAAATTTGGCTCCCAGGTGAAAGGCATGAAGCTAAGTAGGCGTATGTAATTACTGCGCGTCGAGCGGTTGCTTCAATAGGAACTATCGGTAAGCCAATCAACCGGGCCTATTCGACTCCGCAGCCCGCCTGAACGATTGTTCCACAACCTACTGGATGCACGATCATCATGTGGAATTCTAATCGCGCGGTTTCGTGACAAAATGACTAATAGCATTCCCTTTCTGCACCAGCTGTGGAATGTGTGTCAGTTAGGGTGTGGAAAGTCCCCAGGCTCCCCAGTAGGCAGAAGTATGCAAAGCATGCATCTCAATTAGTCAGCAACCAGGGGCCAGCTGGTATCTACCGGCCAAACTCCTTTATGTTAGTCCTCGTACGTAAGTCGCGACGAGCCCAGGCGGCGCCGTTCAGCGCGTTCTAGGTACGTGCGGGACTTACAGGGACTCCTCAGATCGTGATCTAGAACCCACATCGTAATGTTGGTGATCGATCGATACTGCGTCCGCGACCTGTAGCTTTGCGCAACGCAGCGAGGATTTCGGAAATCTCTAGTGATACTATACCTAGCCCCAGGATACAAACCGGGTTATCAGAGCACTAAAAATACGATTTATTATTTGTCAGCTTGGGGCGCCTCCATCGAAAATACATTGTTCCGGGAGCCACCCGAAAGATCGCCCGAGAGTGAGCGTTTTAAACTATAATGGTTGCCACATCACCAAGACCAC
5,GTGGGTATCCGTTGCTTCCTTGCCTTCCGATCGAATCCTCACCCGTCATATACAGGACTTGGTCACGTCCGGGGCGCCTTCAGCCACCCGCCGACACGTCACCCCTCACAGATGGGGACATCGAAGAACCCTGTCAATGGAATTCGTACAAACGGTCAGTTATATCCCATGGTAGCAAATCAAGCAGCAACTGAGGGGAGATAATAATGGATCCATCAGTCCGAATGTTTACACGGGGGAAAATCTACTAAGAGACTCCCCGTAAGGCACGACGATTGGAAACGAGTCGATGCTCGTATTCTACGAGTGCATGGAGCCTAGGTAGCCCTGGGCTCCAACCAGCCGACTCGATAATGTGCGGTTTATCTATCTTGGGGAGATTAACACTGGCTGGGGCACCGCACGTAAGCCGGTATCTTTGCAGCGAATCCTGCATATAGGACGCTCTAGTATAACGTAGTAAGTGCACTAATCTTCGGTCCAGTGGACCAAAGGTATTCACCAGCTGTGGAATGTGTGTCAGTTAGGGTGTGGAAAGTCCCCAGGCTCCCCAGTAGGCAGAAGTATGCAAAGCATGCATCTCAATTAGTCAGCAACCAGGTTGTAGCGCTCGAATGTCAATGACACGACCTGTCTTAAGCTCCTTCAAGGTCAAATAGGCACGTATTGGCCTACTTCTAAACGAGACAGTCAGGGCGGTCATGCGGACCGGATTCTCAGAACCATGTAAGATCCTAAACCCTGATAGAGGTGCACTTCCGTGGATCAGATGGTCGCCCGATCCGGAGGGTCTAATAGTTTCGGAGCGAAGAGGTCACAGAGCGATGGCCCCAAGGTGAACTCCGGTACCGTGACAGACCAGATTAGCCAAGACTGTATGACCCGTTGCCTGGGACAGGTCTGTCTGCAGGCAGACATGTCGGGCTAACCTGGGCGCCTCTGGCTGTCTAGTGCATGGATACTGGCCCGGAATGCAGGCCTGGGATCCGGATCTGGTCGC
6,GAATTTATAAAGCTTGACCCCGTCATCGGTTCTTGCGGGAGCCCGATCTTGGCGGTGCGCACGGCAGGGATTGCTATATGTCTCACGCGCCGAGTGGGTTCGGGCACCTATACAACTAGGTATCGGTAGCCGGACCCCTGGCGGTTAGTCGTTCGGACCTCGGCACAGGCAAATGCGTAACCTTCGATGCGCCTATTCAAAGCAGACGCGGTCGTTTGTTGTGAGTAGCGCTATATTGCGTGTGGGGATCCCATTCGGGAGGGTGTTGCAGTAGTATTGCTCGGGCGCCCAGAGCTAATGTTACCTGTTCCAAAGATAGCGCGCTAGCGATCGCTAACGATGGGCATAGATAACAGTCCTAATGATCCGCAGAACCTCTGGTATGTCCTGCCGTAAATTTTTCGGCCCCCGTTCTTAACTTCCTAACTAGGCAAGACTTCCACGCACGGCTTCCGCTATTCGCTCCTGTCACTACGGGGAGGGCTAATCACTATATGTTTACCAGCTGTGGAATGTGTGTCAGTTAGGGTGTGGAAAGTCCCCAGGCTCCCCAGTAGGCAGAAGTATGCAAAGCATGCATCTCAATTAGTCAGCAACCAGCTCCACCGATTATGCAAAAGAAATGTTACTAACGCAACGCGTATAACTTTGCACCGCAGCGATCCAGTCCCTCGACCCCCTTTTTCGAGTCGGGCCACCAGCATGGTGGTTTAAATGTGAGACAGCCGTATCTTACGTTTGGCGGCAGGTTAGTTGCGTCGGCGTTGTCCAGGGTACTTACAATAATTACGCGAGCCGTTTATCATCAGTTTATCAACGATTGGCGAAACAGGATATCATGACTAAGACTAGGCGAGCAAGTGATGTTCTCTATTATCGAGAGTCAGTGAAATTTATCAAAGCACTCCTTTGGTGCGAGCCAAGTTTTGAACATCATCCCTCCGTATGCACTTAGCTTTCTATCCTTTCCCTGTTCTGAGCCATATCCCACCCCCCTATT
7,TCTCTACCTGGTTTTGATTGTCCTTAGTGCTGCACGGTTGAACAACGTGATCGAGTGCTCTCGTTAATGCTGTGTTACTGAAATGCTACCTGGAACCCACAACTCAGGTACCTTGAGCGGGCAGGGGACGCCAATTGCAGCACTGACGTCCGTTGCACCGGAAACGAGAGAGTAATCGATTGTCCCCGAGGGGAAACGCTAAACCCCGACAAGAAAACAGCATAAGGTCACATGCTGCCAGCGGATTAGGGTCATAGCAAAAGAATACAGCTCATGTACGGCCTGGCTCCCATCACATCTCTACGCCCGCGTATTATGAAGTCTCATAGCGAGTTTACAATACCCGTACCCGAGTGTCTGATCAAATGATCATGTGGAGAGGTCGGGCCGATCGGCCTTGATGGCGTTTGCCCAAATACGGAGCTTTATTTTTAATAATAGCCTCACACACGTGTATGTGCAGGCCTAGGTCTCTCGTTGGGAGTTGTATTCTGGATACGACCAGCTGTGGAATGTGTGTCAGTTAGGGTGTGGAAAGTCCCCAGGCTCCCCAGTAGGCAGAAGTATGCAAAGCATGCATCTCAATTAGTCAGCAACCAGAACGCAACCTGGCCGATCCAGCATCTCATATCTATGAATTCTCTCACCATGGACGCTTACGGTCCCAAAAATGCTTAGGATCGACGCGACAGATCCCAGACTAGCCAAGAGTGGAGACACAGACGAAACACGGCGTGATTCGGGCGTTCGAAATATGCTGCAATGTATGCGCTAGTGGGACCCCTTCGCTTGGAGTCACTACCGGCAATGTAAAACCATACGTCTTTGCAGGACGTATAGTATGTGCGGTGAGCGAGTGGTGAATTTCACATCCGCAAGACTCATACCGCAACCGCTTATTGGGTGATACACTTTCGTACCAACCATGTCTGTCCAAGCGTTCTGATCCACTGACGACATCTATGTTTAAGCCCGCAGAGTACGTTATATATCTTCAGTC
8,TATTCAAACGATAATACTAGGGTGTCGACGGGCGCCGAAGTTCCATTTTCACCACCCACGGTTGTAGTTTAATACGAAGTCGTGCGGGACAGTTCGTGTATGAATCATGCCAATATGTCAGTTTAGGTGATCAAGTACCAGTCCAAGTATTGACGAGACTACGTAGTCTACAGCGCTTTCGAATGACCCCTTTATCACTTTCACTCAAGGCTTGCTCTCCTACTGAGTTGCAGCCAGGGGAGTTTATCAGATGGCGGGAGGTCATTAGGGGAAGCAAATATCAGTTATGCACGTGGGGGGATTATATAACCTAAACCGGTCCGGGTGCCCGAGCCCGAGACGCACAACCAGTTCAGGACGTGGAAGATGTTTGGAGTTGATTCTGGAGGTTGCCCAAACCCATACGGGTATTGTTGTCAGTAAAAAGACGCGAGCATAATTAGAACATATGGCCCGACTGCCTCACCCGGTGCGAGTATCCTGCTACTTCGCCTATTCGAACCAGCTGTGGAATGTGTGTCAGTTAGGGTGTGGAAAGTCCCCAGGCTCCCCAGTAGGCAGAAGTATGCAAAGCATGCATCTCAATTAGTCAGCAACCAGGTTTGCAGATTCATTAAGCAAACACGTTCCCCTTGTACCGACTTTTCCTGAAGTGGTCAGACGCGTACAACAGACAGGGCAAGTGTCATGAAGTTACCTTAGCCAACATTGGTTCCCCTACATTAAGGTGACTCGGGGATTGGGGAGTATCTGATCACCTGCCCGATCAGATAGATTCGGAGTGTCGAGGACAAACCTCTTAACTCCTTCAGTACAAAGGCGAGTCCAACGGGCTCATGCGATGTTGAGACAATATACGGGGGACGTCAGAACGTACTCCGAGTTTAAAGGTCGCAAAACGAGCGCTGATTGGTATTAGGACTGGCCCTTATTGTGAACCCTCGTGCGTCCGTGATTCGCGCACAGCCTCTAGATAAAGGGCCACTGGCTCGGACGCGCA
9,GCGATAACTCCGTTGCGATACCTCCGCATAATGTCACTGACAGAACTTGAATAGAGGCCCAGATGGTCGACAGCATTGGCAGGTTTAGATCTCCTCCACGTGCCGTGAGAAAAGTCGGATGGTCTTGGCACCGTCATTCGATGTGCGTTAGTTGTAAGCCACATCCATACCAACTTAGACTCGCCACGAGCTCTTCCGCGCGTGTTAGAGCTCCGGTCAGTCGACACTATCATCTTGTTCGCGTGCTTCTGACGGGTGATCGTCCGCCCGGATTGATAATAGGAGCCATTTTAAATGGTTGGATTGGTCCTGGATACAACGTTAAGCAGTATCGACCACGTGGTCGAAGTCTGGCGCGTCAGCAGCAATCAGCCTTTTAAAACCATGTACGCCATTATATACACAAACGGGCCCTGGAAGAGTTGGGCAAAGTAATATCGACTAAGAATGTTCCATGACACCAGAAGGGCTTGACGATCCATTAACCCCGACGAGTCAGTACCAGCTGTGGAATGTGTGTCAGTTAGGGTGTGGAAAGTCCCCAGGCTCCCCAGTAGGCAGAAGTATGCAAAGCATGCATCTCAATTAGTCAGCAACCAGTGTGCAAAGGTTTAGGCGTACATAACAGTGATGAGGACTCGTTTGTAACACCATTTACAAGCGTCTCTGCACTCATCTACGCCCCCAGGTATCATTTGCGTGCGATTTGCGCCAATTCTTATCTCATCAGAAAACGTCCCCTTGTGGGTACCATAATGCACAGTTACACTGCGGTGAAGAATGAGCGAATGGGCTAGGTCTGGATGTGGCATGTACTCGCCTCGGGTACCTGGTTAACTCACAAGGAGGCTGTGAGTATTAAGGACGGTGCTCGTGTAACACTAAACGCGACCGTCGAGCCTGCAGGACATTATGGTCTCGGACGCCCGACTCTTCTCAAGTTGGTGGGGTGCTGTATCTATCTTCATGCCATAACTCAATTTATTCTCGTGTAAGAGGA
10,GTGTTGTGCACACAACGTCAGGAAACATCATCACACAGGGACCCAAAATAATCGGTCGGGGAAGAGGGTGTCCCCCCCCCCCATGTTTTCACGCCCCCCGACTGTTAAAATTTCAGCCTGGCGTACTATTACGGGGGATGAATACAACACGACATGGAGAGGCTCGCCCAACCTATCCAACACCAGGTGAAGTGTCAAATGGTCAAGTGAGGATAAACAACAGGAGACGGAACCAGGTAATTCCCAGGTAATGCTCTGCGCTGTACACGCATTTTATGTCTTTATTTGGTCCTGCAATTATCTGCAACGGTCACGCCCCCAGTGCTAAGGTATTAGAAATCTTACTGAGAGCCTTGCCAGTAAAGCACACGCTTGGCCCTTTAATGTGATCTGCATGGCTATGCGTTCTACATTATTAAGGTAAGTTAACTTACGGTGTTCTCCTATATGAAGTGGCGTACCTCCCACACGCATATCGCAGCCTACGTCCGAAGGCCTGAACCAGCTGTGGAATGTGTGTCAGTTAGGGTGTGGAAAGTCCCCAGGCTCCCCAGTAGGCAGAAGTATGCAAAGCATGCATCTCAATTAGTCAGCAACCAGTGCGCGGGCGAGGGAAAGGCCGGGTTATTCGCGCCCTAGAAACAGTATACCCGTACCGTTCAGGACTCGATCCTAACGAAGCTTCCCGCAAAGCTCGAGCGTATGACGCATCATTACCGGGGTCTTGCGAACTTGTATACGTTCAAGGCTTATCGGTCCAACCTGTCGACTCTGAGAAGGCACTGCTATCAATGCACCGTTGCACTCTCAAGCATGGGCCACTGCGTGTCGAAAGAATATACCCCGGGTACTTGGTGTCCGGGTCTTGCCACAGCCACGAGGTTGACAACTCGAATGAATTAGTGATGGTGCAATCGCTCGGAGAATCATCACCTCGGAGGGCCCATAAAAATTGTGAGATGATATTCATGCGCGGAATGCCAGTTGCCGTTGCATAGTG
11,AAGAGAGGCCCTGGAGGGCGGCGGAAGTGCCGTTCCGATTAAGTGAATTGTCGACGTTCAGACTTACGGTCGCATTTACAAGTTTCGCACGAAAAAAATCCCAGTCAATCTGACACGTCACTGATTGTACACGAACTCTTGTTATCGGCTGCCCCTTAATGTGACATGTTGTAAACGACATAGTTAAGCGGCCTGATAACAGGGGTGAAACATCAATATCATGAGAATTTCACATACAGGCCATTGATATACCGCAGGAGAAGCCATTTAGATGAGGGCCACCCAGCTCGTGTCTCAGTCCACAACCAGTAGTCCACCTCACCGTCAGCGATGTTGATCGATATATAGAGTGTCACTACCTTGCAAATCTAGGGCACCGCACCCTTGCTTGATAGAGACGTATGAGTTCGATGTCATAGGTTCGACGAAAGCGTCCTTAGCCGGGTGGTCATCAAGGGGGCCTCTCCGCGAACGGGGAGTTTTGCCGATAGTGGCCGCACACCAGCTGTGGAATGTGTGTCAGTTAGGGTGTGGAAAGTCCCCAGGCTCCCCAGTAGGCAGAAGTATGCAAAGCATGCATCTCAATTAGTCAGCAACCAGCTTTCTAGTTACCATGGCGGCTGCGCGTTTCTGAAGTATTGAGCCTCAGGCGAAGGTGCTAGCAAACTGCTGAAGATTACAGTTCGTGGCGCCGGTCGACATGCCAGTAGCTTTACGAAACCAAGCTGGCATGAGACGAGAGTTGCTGACTTCGCAGAGCGAACTTTCGATAGAAGGTAGGCTGCTGGAAGGTGCAGGACTTCTGACCGCTAGTTGCAGGTTTACGAGTCCAGAGCAGAGAAATACCTCGAACGACCGGTTGGGGCCGCCTTTACGTCATTATTATCCGCGCACCGTAGAACATTCCCCCGCCAGTGTTCTGCAAAACAAGAAAATTGTACTCCGTAGCAACCAGAAGCATTACAGGCTCATCTTTATGACGGCCCCTGAAACGTCCATT
12,CGGCGACCTCTGACCGGCACCGCCCGGTCCGTACAACGCATAATCTCTTCGTATCTAATGGGATTCTGGAAGGCACGGTAAGCTACCAATTCCGACGTATACTGACTGGAGCACGCATCCACAGGCTAGCCATTCATCCGCGCAAGCAAGAACCTAGAAACTTACAGCTAGCATAATTGCCTCAATCACTCTATGGGAAACCTTCAACCGTTATTGCGCTTTGGACGTATTGAGCGTCCCCTGAGCAATATGGCAAAGATTTAGCTTCTTTGTGCGCGTTGGTTACCGCTGGAGCAACTACATATGTTTGCGCTTGGCACCGTTTGGGTACAGTCAGAACCTACTCACTGTTATGATCATAGACCAGTTGACCTTAATGGTGCGCCGGTCTGCTGGACACTCCGGACCCGGCACCGAGTCGGGGGCATCGTAATGAAAGGGCCAATTCCATCGCGACCTTCCGAATAACGAGGTCTTAGCGATAATGTCACCGGTCCAAAACCAGCTGTGGAATGTGTGTCAGTTAGGGTGTGGAAAGTCCCCAGGCTCCCCAGTAGGCAGAAGTATGCAAAGCATGCATCTCAATTAGTCAGCAACCAGGTACAGCAGGCTGCGTATTTTAAATCCATGGCTAACAAGTGTAAGTTTGGTTACGTGCCGGTGAGCTCCACTTGACAACCACCTAAGAAAGTTTCCACAAATCCTACTCAGCTTGATTTTATCCACGTTGTTAAAGCCGCAAAGTTGAGCTGCTATCACGTTCGTGAGCCCGGCCTAGAGCGCAGTGTTGACGAAACCCAAGTAGGTGGGCGTCGGGCGTGTGACCATAAGTATACTTCGAAACTACAATAAACGGATCGGATATAGGGTGTGGGGGAACTAGGTACTGCTCCTAAATGACTTCGATCCGCCCTTGTCGCACTGATGGAGTTAAGGATAACGCTGGATAACGTTGTAGGCTTAGATTTCGTATGGCGCACAAATACATAGTGGGTCTATA
13,AGGTGTGCCCCGAAGGCAAATTCGCCGTTAGCGCACGTAGTGTAGAGTATTAACCATTAGATTGTTATAGTGGAATTGTTTCAATGTATAGCCCTGCCTAAAGATCACTTATGGATCCTAACTTCATATCCCCACGTACGGATTACAAGCTGATTCGGAATTCAGTTGCCTTAAACATCTTTCTGATTTCGGGAAGTTACAAAATACTTACAAGGAGTATGACTACCTGCGTTACACTTGGGGTGCACGCTTAGCGGCCGCGGACACTGAATCCGGGTAACCCTTCAGTTTATTCCGCTTTCTAATTTTTCGGTCGGTTTCACTACCTGATGAGCGTGGCTGGCCTCGACTAACGAATAAACCGTCGGAAGCCCGGCTCCACGTCGTCTGCATGCAGATGCAAATCAACCAAAAAACGTTCTTCATGACCCTGACCTGCGGATCAAGGCAGATTCGAAAAGATAGTTTTCCTAACTTGAGGAAAGCTTACATCTAGGGCTACCAGCTGTGGAATGTGTGTCAGTTAGGGTGTGGAAAGTCCCCAGGCTCCCCAGTAGGCAGAAGTATGCAAAGCATGCATCTCAATTAGTCAGCAACCAGCTAAATAGAGTTACAAGATATGAGATAACTAGTCCTTCCTCCGCGTCATATTTTTTCTTGCTTGCGTTGCGGGGAGCAGTGGGGTAAAACTAGGTACAACTGACGTGTCTGATATCGACCGGAAAGTGATCGTTCGCTAGTGTTCTCACGTCGCTTACATCTGGAATCATGCCAAAGTAGTTATGATATTGACGATCTAGTAGCACCGGTAACCCAAGTAGTCCACTACGGAGCCGTCGCTCATGCGTCGTCAACGGAGTGCAGCACCATACCGGCCTACTGACCCACGACCATAGCAAAAGTCTTCGTGTTTACTAGGTTCTTAATCTGAAGTCCGGGACCCCCCCTGGAGTCGAAGTAATCGTCGCCCAAGGAGCCATGTCGGAATCCCTTTTTATGG
14,TTGAACGTGTCTACCAAATGAGGCCCCATCACTTCACACGCTAAGTGCGAAATAGGACATCATCGTTGGAGGCCCAGTTGGACTAAGAGATGTTTTCCCGGGTAGTTGATGCCGATATGCAAATAAGACGCCACATCCGGCTACAACCACGACATACAACTATTCTCATCGACACTCAGAGACGTGTTTTCTGAGTAACACAATGTCCAGGTATTGCCAACTGGTTTCGTCAGCCCCAACAAAATCGTGAAGCAGACGTACCTATCTCGGGAGGGGCAATGTCGTTAAGAGCACTACTGCAACATATGCGGCGCCGGTCAGACCAACCCAGGCAGCGCTATTCCTTTTTCAGGTAGCCCGAGGCCACGGTGATGAGAAGAAATGGGATCGGGTGGGCGGGTATGTTAAGGGTCCCCGCTCGTACTCCCTAATCTCAGAACCGCCCGCGGGTGTAAGTTCACCGGCACCGAGCGATAAGGCCGTAGCCCCCCCCTTCTGGCACCAGCTGTGGAATGTGTGTCAGTTAGGGTGTGGAAAGTCCCCAGGCTCCCCAGTAGGCAGAAGTATGCAAAGCATGCATCTCAATTAGTCAGCAACCAGCTAAATTGGTGTACCGTGTCCACAGCCGAATAACGCTGCTCGATACGTCTTTTCGGAGCGTCCTTGATCCTGGTATCCGCGGTATAAAAGGGCTTGAGAAAACTACAGAATGTAGTGCTAGGTTCCTTAGACTGTTTAAGGGATCGTAAGCCTGCGCCAGATCTATATGCGGTGGACTGTTTGGTTTCATTCCTCGCACACATGCATGCCTACTCCATCCCACCGTAGGAGAGTACTTGAGTATAGGGTGCCAATGCAAGCTCTAGTTCTCGGACGCCCAAAATTCTGTAACATTTCATAACTAGCGTGGACTTTGAGTTAGAAACACGCAAGCCAAGGGCTAGATTCTCAAACCTTTTTAGTGATCAAAGTAGACGGGAACTAATCGGAGCACAAATCG
15,TTCTAGCGCTTTCAGGTTATCGCAGGATTCAACCTCCGATCGAGACTAGACCGGGTAACTGACGAGTGAGAGTCCTCCACTGTGTTTTTTTTTAGCTGTTACACCTCGTCGAGAGCGGCTAACTAAGCAAGGTGTTGTAGCAATTCAGTGGTCGACTCTTTTCCACTAGCATATACGTACTACCCTCTTTAACCCAACGTGGGTACCTAACGCCCTGCATCCTGCCACGCCGTTTCGCCACAACCTCGGCAGCCATCGACTACGACCAGGTCTACAGCTAGCAGTCTTACTGTAACGGCAAAGAGAGAAAATACCCACCACGAATCCCCTGCAGCCGGCTCGTGACGCTCCTATTTTGGGACTGATTCGTGGCGCTTGGAGACAGGGCATTAAGTCCCTCACTAATGTGCTGTCCTGAACTCAGCAAGCTGACTACCGTTCAGTAAAGGCAATGTGCTGCGCGCAGGGAGCGGGGCTAGCCGGCCCGTATGCAAACGCCGACCAGCTGTGGAATGTGTGTCAGTTAGGGTGTGGAAAGTCCCCAGGCTCCCCAGTAGGCAGAAGTATGCAAAGCATGCATCTCAATTAGTCAGCAACCAGCCGAATCAGGGGCTATCCAACATCGATTTTACGGTGATTGGGGGCTTACCGCTTAGTGGGGATCTAGATGGCGTTCGACGTGAAGGAGTAACCTTTATAAGCCGTCTTCTGTCGGACCACCGAGCATTAGCTTGTTCATATGCGCTCGTTTATCGTTATGAGACCAATGCCTCTCTATCCACGCGTCCGCATATGCGATTGAGCAGCTACAACAGTAAAGATCTGAGACGTGGTACCGTGCTAAAATACAGCTCACGTTATCCATCGATAATGTTTCGGCGTGGGCGCCCTTTTTGCTCTAACCTAGGTAACGGCTCCAACGTCAGGTTGTGCAAGAGTAGGACAACACCCGTGCATCACGAGGAGAGACTCGAGAATCTGCGAAAGTTTTCTAATCGAC
16,CTATCTCACAGCAGTGTTAACTGCATGTGCCCTTGATTAGGCGCGACCCACTACCAAATCAATGGGCTCCCTAACGGGCTTGAATGAGTGTTTCGCTGCCAAAAGCTTGACAGAAGGCTTAACGTACATCCTACTGTCACGAAATCGTGACAACACGCTTGTTTGATGCCCCCCGCGACAATAGTCCTCGTGCAGGTTCCTTGGGGCCCCCACGTATCCGGTTTACTCACCGGTTAGCGTCAGAAGACGAGATCAAGTGACACCTCACGAATTATAACTCACTTTGTTACACGAGTCTTCGGCTCGCAATCAAAGACCGCCATGACTTTAGCAACGTGGGGCGGCTGACTACGCTACTGATCTTAAGGTCGGTGTGGGTGCAATTACCATAGGGGGGTGACGCCCTTGCCGACTCCAATATAAGACAGGAACGAATTGTTACCCGGATTGTTCTCCCCCAGTCAGACCGATTATCGTTTGCCCCTGATGGCGGCAGGCCGACCAGCTGTGGAATGTGTGTCAGTTAGGGTGTGGAAAGTCCCCAGGCTCCCCAGTAGGCAGAAGTATGCAAAGCATGCATCTCAATTAGTCAGCAACCAGTCTTCTGTTACGTAGATTCTACAATGACCCGCTGGCCCTCAACCCTTAACTTGCAGTGAAGTCAAAAGGCGTATCTGGACAAAAAGGGAGATGTCAGACGTGCTCCGTCGAACCCTTTAAGAAGGAATGGATCGCACCACGTTACCTACACAGCGAGTTGAAACAGCAACATATCGGTACAAGGTAAGCTGCGGTGTAAGTGTGCCCTCTCGGATCGCTCCGGATATTTAAATCGAGCGTATGCAGGCAGGTCCCTGCGCGCCAAGAGAACACATAGATTTTCCGTCTAAACTGTCGAACCGACGCGTCGGCTGGTGGCTCCTCTAGTTTGAGGGTCATGTTTCATCGGCACTACGTGAACCAGACTTAGCGCCTAATTGTAACTTTCAGTCGACTACAA
17,CTGTCGCTCGCGCCCGTTGTTTCCCCTGGTGACTGAACGGCGCGGGTTAGGCGAAAATCATGCACAGCCAAGGTTTTACCCTCCGTTATTGGCGATGTTCTTCAAAACCGACTATATGACATTCAACACCGGGTCATGTGAGTAGGACCTAATACGAAGTGCGGAGAGGGTTTATACGTCTTACACAACGAGGTCGGAATGGGGTGAGAGTAGGACCCGCAACGCTGATCCTATCGATTCAACATGAGGGCGCTTAAGACTGCTGTACATTACTGAAACATGCGAGTCAGCCCTAGCAAGAAAGTGAAGTCACATTAGTTACTTATGCCTATGTAGTTAACGGTACCCGACTATCGACTCTAGACGGGCTATCTAATTATTAGTATAAATCGACCCGTAATACCGCGAAGATTTAGCATAGTTGAGCGGAATCAGCCAAGCTTCACACTTGAATTGTCTTGCTGCCAACACTGAGAAACCGACCGTTCGCCTCGCGCCGCACCAGCTGTGGAATGTGTGTCAGTTAGGGTGTGGAAAGTCCCCAGGCTCCCCAGTAGGCAGAAGTATGCAAAGCATGCATCTCAATTAGTCAGCAACCAGCGATTTAAAAACCTTCCAACCTTTAAATAATCATTGGCTCGGCTGATCTACAAATGAATTACAGTCTCCTTCCCGCCAGCCTATGTATCTAACGCAAGGCGATCAGGTTTCCACTAAAGTTTTAGCCCCGCGTAGGGGCTCTTTGTGTCACAGCACCATTAGGCGTAATGCGGAAAAAAATTACGGGTCCGGGAGATGTGCGTGATACGACCCAGTATACTAGCAAGCCAACTAGTTTTCGTCCGCCTACACGTACCCGTAAACTTACGCTTCATCACCGGTGCGCTGATATATTCGGCTGTATGTAACCTCTTCTTGACTTCAGGGGCAAGGGTCCTATGTTAGCTGGTGAATAAGTAAACATGCCGGCGAGCGAGCAACGCCATCTGTCGCCTTCCAA
18,CTTGCTTCCTGTTAAGATCTTTGTACCTAAACTCGGCGAGTAAACAAGTCCGTAAGTATTTGTTCGAAGTTTGGCATTCTCCTTGCTCGACCTGATGTACATCTAGTCCCCTCCGTTGACATGGAGTCCTATCGTATGGCCCGAGTCTGCATCAGGCGTTATGGTGGATATAGAATTCACTGTCCCGCAATATATGCTTGCGGCCAGCAGACTCAATCTACATGTCGGGCAGCTATTCCTGGAAGATTCCGCTTCGCTGTAGGCGAAAAATTCGGAATTATTTTGCAGCAGTGCGTAGGAAGGGAAGGAGGTATCCCTCTATTCTAGTAGCGCGGATTGATGAACTCGCGAAAACCTGAAATACGAAACTTCCTAACTAACACCGACGTAACTGCTTAAGCGTACAAAGCACACCTCACTCCTTGCTTAAAGGTCCGTGCAGCTACTGGCAGCCCTGCTAGCCACCGCGTATGCATCGGTTGCAGGGAAGAAACAATTCGACCAGCTGTGGAATGTGTGTCAGTTAGGGTGTGGAAAGTCCCCAGGCTCCCCAGTAGGCAGAAGTATGCAAAGCATGCATCTCAATTAGTCAGCAACCAGATCACTACCAAAATTCTCGCGGTCCTATATTCTCGGTCTGCGGGTGGTACAACACCCGAGTTCTGAAAATCGACAGAGTAGTAGTGGCACTCTTTTACCGTCATGTATATTGTGATGTTGCATGATGCACGCGCATCTCGGGACGAGCTCTGTGGGCTGTGCAGCGCCTCCACTATGCAGACCCGGCGGTACTTGCATGCTGTTGCGACTGTCTTCCTCAGTTTATATCATAAATCGAATAATCATGTAGGCGAGGTGCGGCGACCATAAGCATACGTGCTGTTAAACTTCGGGCAAGTCACTCCATCCTCTATTCGGACCGTATCGTTAAATAAAGTCTTGACATAAGGCTAATCGTCGCAGCCAGCTACAGTAACGCCGGATCACCTCTGACTAATTG
19,TGGCTTCGCTCGAGCTGCCCGGACGTTGATCGCATTCCTGACACAACACAAGTCGCGACCTGGGCAAGGGGATTCTGCTCCCTCTCTTACACTTCCAGAACGTGACCTACCATTAGATTAGTGCTGCCGGGATGTCTTCCTCTGCCGAATCCGTAGGTGACTATTCCTTCAATTAACACCGCCGAGACGGCACGGGGTCGCGGTTATCTAATGGAAAACAAGACACTTATCGATAGTCCCTATGACGTATATTCTAGAGATTATACGGCCACCACACAAATCTTCGCCAGAATAACACGTCGGTCGTCGCCTTTGAAAATCACAGCTGAGAGCACCCACTATGATTTAATAGATTACCCACGCAACTGTATAAGGGTTTTTCAAATGCGGACAAGAGTTTATATCCAAGAGCAGCTAATGTTCAATTGCGCCTATCGCAAGTATCAGGCTACACCCGTGTCGCACAGAAGGAGAGAGCAACGACCGAGAGGCGGGCGAGTACCAGCTGTGGAATGTGTGTCAGTTAGGGTGTGGAAAGTCCCCAGGCTCCCCAGTAGGCAGAAGTATGCAAAGCATGCATCTCAATTAGTCAGCAACCAGCTTTCGAGTTGAGGAACAGTGGGTCTGTATGATAGTCAACACCCTGATGTTAGGGCGACGGCAGTTGGGGATCTTTAACTTGAGACGATCTTGAAAAATCGTTGATATGAAGAATTCCCCGCCTCTGAGAGTCCTGAGGGCCTGCTGAAGCTAGTGGGTGGTACGCCCCCTCATAGGCGTTGTCTGGCTCCCGACAGGCAGAGGTGGTGAATTTTCGGGCCGTTGACCACCAACCGAACCAAGTCGTACCCAATAACTGAGTACGAGGCGAGAAGGACAGAAACGGGTTTTTGCATCTCAGTATTGTTCCCTTGGGCTTTCGAATAAATGCGTCGGGCCGAGGCTGCTGTCTGGAGAGGACGGAATCCCCCTAATCGGATTGCCGTATAACCCGCGAAAA
20,TTCATGGCGGACAACCGGTCGATATAGGTGACCGTCACGACGTAACGAGCCTGTAAAAAAGCGCATGCGTCCCAATGGATCGGCTTCATTACTGACAAAACGAGAGAGTGAACATTAACTTTAGACGTCAGCCGAGTATGGTCCACTTGTGATCAGCTGCTGTTAATTTATTAATATGACTACGATGGATCTGCATTACAACGTAGGTGTAAAACTGCCTAACAGTACAGCACCTTACTACGATGTGTACGCCTTGGAGCAGCACTGGTAGCCGAGTTGAATAAAATTCGGTCCATGCTCGAGCTAACTGGGCCAAGAGTATGTGTGTCCAGACGGTCCGGTTGTTCGATCAGTAGAAATTGACTGACTTTGCGCAAAGGCCTTCGAAAGGGGACATCCAAGGGGCAATGAATGTTGTAGGACATTAATGGCGCTAGTGGATAACGGCGGTAGTTAGTGCTGGTTCCCGAAGTCCGAAAGATAGGCAGCTACTAACAGCAACCAGCTGTGGAATGTGTGTCAGTTAGGGTGTGGAAAGTCCCCAGGCTCCCCAGTAGGCAGAAGTATGCAAAGCATGCATCTCAATTAGTCAGCAACCAGTGCGTCGCAGTGCGAGTTGCGAGTCTTTGAGAAACAGGCCCCAACGGTTCCAAAGCACCCGCATAAAATGTCCGGAGGGCCCATCGGCCTTCGAAAATACGTCCCCCAAGGTCAAACGCCAGGAAAATGGGTACAACCGCGTATGGAAGTAAGGAGTCCTGGTGGTTACAGCCCCCCAGAGTGTATAACACGCTAGTATCACATTGAGGCAAGTGCCCTCGATCAATCAAGCGCAGCTAGTATGCCCTTATCTCAGCATACTCCCGACACGCCGCAGTCCACAGACTGCGGGTGCAACTAATACTCTAGGTTTTTCCTTCGTGATCTAATGGTACACTTCGAGGGAAGAAGGGCACATAGAGGCGTGGCAATGAAAATAGTGAATAGGTTTCGGCAAGAG
21,GCTGGCATCTCGATCTCGTCGAACGAGCAATTCACCTCAAATCCAATGCACGAGTTAGAGCAGCACATTGATGCTTCTTTATAATAGTTAATAGTTCGCTCGGTGGGTTGAGAGAAATCGCGAGGAACGGTGGGGAATCGCTCGCCGAGAGATGTGGCTGCCTAATTACCCATTGGAACCGGGCTCTGGATGGATTTGACTTAATCTTGCTGCTGGCTGAGCTAAGCCCTCCTGTGCACGGCCTCGGATGTGCCTCCACAAGGAGTAACTCGCGGGGCTACCATGAACGGCGCTCCGCTATACCTTAGTTGTGGGAACCGCCTGATCCGGTTGGAGCGGGGAGGCTATGGAACTCAAGTGGTGGATGAGCCCTCATTGTGATTCATCGATAAGCGTTACATCTAACATATATGTGGTGAGTTTCGGCTTCGTGGACAGATTATAATTCGCAGGTTCCACCCTCTAGCTTGACGCTACAGACCGGTGGATTCGGTCCCATAACCAGCTGTGGAATGTGTGTCAGTTAGGGTGTGGAAAGTCCCCAGGCTCCCCAGTAGGCAGAAGTATGCAAAGCATGCATCTCAATTAGTCAGCAACCAGGGGGGAGCGCGCATGTGCGATAAGAGTTACGAATGCCGGAAACTTAAAGTTATCGCGTGATATGATGCTCGAGCGTCTCTCCGTTCCAGAACTACAGATCAGAAACGGCTCGGCGACCTGATCCTCAACCAGAGTTGCTGTCGTTAGACTAAGTAGGAGAGAGTCGACTGTCCATAAAGTTTATGTGCCTACCGCCAGCTAGGCATAAGCGGATGTGCTGATCCGTGAGTTGCAATTGCCAGCTGCCCGATAAAGGTAATTGATTTTGCACCGCCCTCACTAGGCCGGATACCACTCGATTCTTCCGCGCGATATTACAAGCCAAGACGAGAAGTAGCAGAGTTTAACCCATCTACCTTTGCAAGCTACGATCGTGAGGAGTAGACTCCGCAGGACTTGA
22,GAATATCGTGCAAGACTGGTTTAAAACACCTGGCACGGCTACTCCATGGGGAGCTCGGACATTAAGCCTGGGCGAACTCCTCCACTGTCGGTTGGGGCAAAGAATTGCAAACAAGTTACTATTCACGCAAACCCATCCAATGCCGCCACTGACTAGGAGAATGACCCGTTTATAGCTTGTGCTGTTTTCTCATGACCAGTCGAGAAAAGTGCCAGTTTTGTCTGCAAATTGTTTAGTCTGGAATGCAAGTTGAGCAACCAGCCAGTACAGTTCCAAACATAGACACAGGCACGCAGCATACTCTGTACCGAATGCTATACATGAGATATAAAATTATAAGGGAAGCGTTTTTAAAATCGTCCCTTTTTCTAACCAACAAGTTATTCAGTTGGGGACCCAATAAGAAGCACCGGTTGACAATAACCGCCTCTAACAACGCCAACATACCAGGTTCACGTTTGCCCGGTTGAGTCATACCTGCAAGTACTACGGCATTATTCACCAGCTGTGGAATGTGTGTCAGTTAGGGTGTGGAAAGTCCCCAGGCTCCCCAGTAGGCAGAAGTATGCAAAGCATGCATCTCAATTAGTCAGCAACCAGCCTGCCTCCATGGCTATTGAGAGTATGAAGGGCCGTGTCCCCGCAAGTATATAATACAGCAAGAGGTCTCCTCATGTTTCCGTCACGGGATGGTATATTAAGTTCGTGAAGGCGCGCTTAGGTTCAGTGATTCAGAGATTATAGGGCCTTGCGTGGACGGGATGCCCGCCCGACGAGCGACGAAACCGTTGTAGTCCCATCTGGACGATTGACGCTCCTAACGGTTTCTTTTGGAGCTGAGGCAACCAGACACAAGCCGACGTGACAGCAACGCGCACTGGAGCCATGATTTTCAAAGTCATTGAACGGCCGGAACACCAAATTAGCTTGACCCTATCCGACTATTGCGATACCTCTCTCCTCTGGGTGTGCTATCTGGAGACCAAGTAAACACAGCGGG
23,TCACTTATGCCTGTTGGTTAAGAATCAAGACTGTTGGGGACGGCTTAGACAGGAACCGAAATTGACATCTTACCAACATGGAGCGTGCTTGGTTAGAGAATCTGCAGGGGAGGCGGTGAAACGATGTCAGATCATGCCGATAAGCATACAAAGGATGGATCCTGCTCTCGTGCATTGGATGACCTATCCAAGTGTCATATTAGGGAGGTTCACACTAGGCGTATGACTTGGTGGCATGACCTGCAGACCAAGCCGCCTTTGATTGTGCACGACTAGGTGAACTTGTGGACGCGGACGGGAAAACCCCCAAAAAGCCGGCGCTTCGCGTATTAAGTAGAAATGGTGTTGCGATCCTTGCCGGGGAATATTACGAGCAATAGAACTGGAATCATGTCGCCCACGTGCCTCGATGAACAATCTCGCGGCCTGTTGTTAGGTACCCTTTGCTACTGGCCCGAGCCTTATCGCGGACTTAAGCGTCACATGAGGATATGGGATGGACCAGCTGTGGAATGTGTGTCAGTTAGGGTGTGGAAAGTCCCCAGGCTCCCCAGTAGGCAGAAGTATGCAAAGCATGCATCTCAATTAGTCAGCAACCAGTCCTCAGAGCATTTAGTTTTGTCTCACCTGCTCGTGCACGTAACAAATAGTGCCATAAAGCTGCTTGTCCATAACCCGTAAGTCTCTTCATAATTACCTCTTGCAATAGACCTATTCCAATTATCGTTGGCAATCCCTGTCCTGTACTACTGTGGCCAATTCATTGGCATGAACAGGGTCGCACCTGTACTGCATCACGTTGTCCGAGGTCTAGTTGCACTATTGAATCCCCGTTATCTTAGGCGTCCAACATTATAAGCACCAAAGTACTTACAAAAAGACTCCAGCCCAGACCGCGTAACCTCCGTCCTATACACACCTAGTACAGTTGGGGCTGTGTTTTCCAAAGGGGATACCCCGTAAGTAACGCCGAACTCTACAATCCGGTTGCATTGTGCAA
24,GTTAGCATCTACGGAATCGGACGTAATATCCGGTACCTTCGATTATGATCTTCCTACGCTTGGGCCAATTATCGTTCCCCGATTGATAGTCTATGAGCACCCATTCTCGAGTCGGTTCGAATTAGTAGGTCCATGTTGGACAATAGCCACCAGCCACTTACGGTAGCGGGTCTGGCGATACGACTTTGGCGCGAGCCGATAGTACCGGGCCAACAGCTACAACAATCCTGAGCACGGACCAGGTTCTAGAGAGTCTATCGGGTCTATCTAGGATGTAAATCAGCTGAACCTTAACGAGGTCTTAGCGTAGCATTGTTCATCCTGTAGTGGACCTAATTATCCTACATACGCTCTCCCGGATACCGGTTACCTTGACTATTCTGATGAATCCTCAAACCACTTCTTCTTGATACACTGGCTGTATACGAATCGCCTGCGGGCCAGGCCGCACTAGCGGCAGCACGTTGCGTCATCAACCCAACGGGTACGGAACACTCTATACCAGCTGTGGAATGTGTGTCAGTTAGGGTGTGGAAAGTCCCCAGGCTCCCCAGTAGGCAGAAGTATGCAAAGCATGCATCTCAATTAGTCAGCAACCAGAGACGAAGTGCAGGTAAAGCTCCGGTGCTATGGGCAGTCTGTCAGCCTTTGTTGACGCCGAAGTCAGGTCCCTACCCACATTACGTCGTGGCGCGCATGACTCTAGCTGAAGGGCGTGGATAATGTGACCTTGATGATCTTACCCCTCGGGGCGCACACTCTAGATTCGCGTCCATGAGAATCACACGGATAATTTGGTTTCTTAAAGTCAGCTTGTACTCATAAGGCGTGTCGAGCGGGAAAAAAGATGTTGCCAATGAACGCGCGCCTTTAAGCCTTCGTATGACACCAGGTGCTCGTGGTGGGACGATCCTTGGGATTGTCGGTATGTAGAAAGGGGTGTTAACACTCTAAGCTGCCGGTGACTATTCTCACCAGCGGTGCCTGGTTTCTCCGAGTT
25,GGATAAAAGACGACTATTGAGTCCATTGCAGCCACTAGGGGTTCCGGGGAATCATTCAGTTATTCTCCCGTCCTATGTAAATCGGCACTGCTTGGGCAAGCAGACTAACAGTTGGAACCTTAGAATTTTGTTAACGACCCTTAGTAAACGCCATAACTACGACGGTTCCATTCTCAGTGGATGGAGTGCAGGGACCACAAGAGTCTTTCCATGTATTCGACGAATGAAAAGCCCTCTACCGGCGGTCCGTTGTCGTAGCCCGCAAGGACAATCAAGCCCTATTGATCTTGGCTTCGGACCAGTGACATTAGGATGGGCCCGTTATACGTTGTATAGTGGTACCTGTGTACCATAGTAACCCATTGTCACCCATGACGCACGGTGTGCTATTTAGAATCACGCGTAGCTCGAAAACACACCCTGCCTGGACGCGAAACTTAGCTATACATTTTTGTAGCTGCTAAGCCCAACAAGGTGTGAAGATCCTTGATATTTCAGACACCAGCTGTGGAATGTGTGTCAGTTAGGGTGTGGAAAGTCCCCAGGCTCCCCAGTAGGCAGAAGTATGCAAAGCATGCATCTCAATTAGTCAGCAACCAGCTCCACTATTGGGGATAACTGTAGGGAACGCCGTAAAGCTTTAATGACACGTAACTCATGGGCGATTGGACCACCTTATGTGTGGTTCGGATCCGCTTAGTCTCTCCCGCCTCGAGTGAACTTTTGCTGGGGGGGCCTTTGTGAAGTTGGCGGCATTAGGATTCGACATAGAACACCATGTTATCTGTGACTTGGTTGGTGTTCTCTTACCTAATAGCGAGTGGGCCACATAAAAAGGAGGGCCCTGTGAAAGGTCCCTAGACAAGTCCAGAGTTAGGCACTTCGACTCTAGATTGTAGTACAATCCGGGAACCGTGGGGCGACACGCTTTAATAGAGCAGGACCATGAGCGATACGCCACGCGTGAAATTCAGCGGCGTGGTCCTAACGTTCGCATTCT
26,TAGGTGCCGAGAACACAAGATAATGGGTGATTATCAATACGAGGAGCCACTCTTCGACCCCGACTTCGTCGTAATCTGAGCATAAGGGAGAGGAATGCTGGGTGAAGGCCGAGGCAAAGCGCAGGGGTGTGGCCCTGGATAGACGTACCCTTCAGTTGATGATTCTAACCAGTCCGGCATCGACGAATAGTTTGAAAACGAGCGTAAAAAAAGATCGTTACCAAGTGCCTAATCGGTCGCTCGGCGACATTCATTTCCGACACGGGACTTGACTATAACATGCGATTGGATGAGGCGAACCTGTAGACTTGTGACGAGACGTTTTTCCTATACTGTCGGTCCCCTCCCGAAATAGATCCACGATACTTAAATCTCATAGTGCGATTACGTGGATGTGCCATCGACTACCATAAGCCGTAAGACGACATGGAGATTCCGTTTATTCAGTACTCGCATGAGTGTGGGGATCTCTGGGAGGTGGAGAACATCTGGTGATAGCTACCAGCTGTGGAATGTGTGTCAGTTAGGGTGTGGAAAGTCCCCAGGCTCCCCAGTAGGCAGAAGTATGCAAAGCATGCATCTCAATTAGTCAGCAACCAGATGTAATCAACCCTTTACACGTCCGCCCCCTGGCTGGTACTCGGAGATAAAGGAGTTCTGCCCCAGGACGAAAGTTCACGCCACACAATTAGAGCCAGCTACTATGCCTGATTATTGAGAAATGCTCTTGATGGGTGGTCACTGCAGCGAATAGAATAACGATCGGCTAAACATGAATTTATATTATAGTTCTGTGACGGATTTCATCCATCTATTGCTTCCTGAGTTTGTCACGCATTCCCGATCCGTCCGTCGCAGGGAGTGGCAAGACCGAATCGATCTCTTGTGGTGCACTGTAGAGAGTTAGACGAAATACGGCTTCACGCGGATGTATACCTCGAGGACTGTCTAATAAGTTGCATAGAGGCTGAAGTCCGGCTATTGCTCTGCTATCAGCATG
27,TCAGTATGTCCAGCCTTTGTTGGCAATTGGCTTATAGAGACCACCGAGACCACCATATGAGTGCGAGCCCTGATCCCGAAATAGAATCGAAATCGAAAAGCCGTTCATTCCTTTCGGTCAGCCACCGCAGATCACGGTCTAGATAGGACCTCAAGCTGGGCAGTCGTGAGCCTGGGCCCACTCCAGCCAATAAAGGGATGATTCAGTGACTCTGCCGGCTCACGACCCAGTATATAGTGTGTATGTAGGACCAAGATATCCATATCGGTCGCAGAATATATTGCCGGTTCAGGCTCAAGCGTCTACAACCATGCAGCCGAAATATCAATCCGAGTCGGTTGCCAACAGTATTGGGCTATCCCGAGGTCTCACCTTAAACAGGGCGATGCTCACGAAGGAGGTCTAGCCGAAGCGCTGCTCTTTTGTGCCGCTTCGGGACGTTGTGTCGACCATCGCATCGTACTACTACTCCTCAAGTCGAGCCGGGTCGCAGGCTGCTAACCAGCTGTGGAATGTGTGTCAGTTAGGGTGTGGAAAGTCCCCAGGCTCCCCAGTAGGCAGAAGTATGCAAAGCATGCATCTCAATTAGTCAGCAACCAGAATTAATATTGGTACTTTTAATCCAGTATTCCAAAGGGCTAAACCGAATCTCGTATCCTCGTCCCATGGACACCTGTATGCCTCTACGAAAACTATGGAATTGCTGAGCGTAATTGTGCTCGCCTTTCAGATGGCTAGCCCTCGACCCCGGTGACTAAGTGCTGTAGGGCGCCAATTGGAACTGCTCAGTAGTGGCGTGTTTCATACATACACTCCGTAACCCATAAATAGTCCCAGGAAACTTCCAGAAGTTAGGCACGATCATTCGGGCTTTATGCTATTAGCTGGATTATTTGAACCCTTTCCGACCTATCAGTGATAGTCATAGCGAAAAGGCCTTCGAGCAACATGGGGGGGTTCTTACGAGATCGTCTGGCACGGTCGGTCCCCGGTGGACCTG
28,GGTGTGTTGCTTCAGCCCATCCCTTTATTTGGGTCATACTGAGCGCCGTACGAGTTGGAATTATAAATAACTTTTGAAGGAACTCGCGAACTAAGCGTGGTCCGCGTCCACAGACGGGTTAGCGTCCGACCGGAGTCGGAGCAAGTTTACTTAGTAACGGGAAGTTCGGAGTGGCGTATCAAGTCAGTTATCCTTAAGACGTAGTGATGCCCGGTGGTGCTGACACCAGGCGCAATCAGCAATGCATTGAATTCAAGTACCCCACGGTTTAATACACTACGCAGACTTCGGAGCCACCCCATATGTGGCAGCATTCCTGATGCGTGAGCGGGACTGTTAGCATTTGCGGCCTCCCAGTCTGAGAGCGAATTCTCGTAAGCTGGCTATTCCGAGCGGCCCCGATTGACGTTGGACGAGAGGGCGCTTCACCGAGAACGACCGGCGTTGCGTCTTAATGATCTATCTTTGGCTCTATTCATGACAGTCTCGGGGGCTATAAGACCAGCTGTGGAATGTGTGTCAGTTAGGGTGTGGAAAGTCCCCAGGCTCCCCAGTAGGCAGAAGTATGCAAAGCATGCATCTCAATTAGTCAGCAACCAGCTATCTACCATGCTACAAGCGGAGCTATCCGTATGAAAATAGCATAACGATTACCGATGAAGCAGTTCTCTACCGTGTGAACATCCACACACAATCTAGCTTCATTCCAGTTACCAACCGATAACACAAGCATCCAAAAAGCTATGGGGAGAGGACTTAGACGGGGAGGTAGAAATTTAATAGCCTCTATTCATGCGGGCAGTCCAGGATTACTCACTATCGTGCCAGGCCGGAGTCTCGAAAAGTCTCGGTTGCTTGAAATATATAGGGCCATTGGCAAACCCTGACGTTAAAGGGGCACTAGCAAATACTACAGCCCGGTAGTAGGTTTCGTCGTCTTATCCGCCGCACTACTTGGAAGCGTGTGGCATTCGTGCGGAATAACGGAATGCGTTGTGTC
29,TAGTCCCCATAACGGCATCAAGACCGGACCCCATCGCGCCACGGCAGCGCGAATCGGCATTGAAGCTTGTAGAGGCACAGGGGTCGGGACTCGCGTCGCACCGGTGATATCTACGCATGGTCGGTCTGGTTAAGTCTGACCGAAGAAGTGCTGTCTGACGACAATCTCGTCGGTCGCACGTGCCCATGTCCGCGGTATTTAGACTTCGCGTAGGGATGTTAAGAGATTCTCTTCGGAAAGTCGACATGTCCGCACCCAGGGTTAAAGCGACTGTTATGGCCCAGTCTTGTACTCAGTAGAGAAAAAGTAGCGTTGTGTCACCTGCCCACTGGTGGTTCTGAGAATAACAGTTCTGGCATAAATGAAATTCGTACGCCCCAGCAGACCAGTCATCTCTGCGCCTTCCTCGCCTTGGATTGCGTCCACTGTGAAGCTTATGAAGCGAAGCAGCCTGATAGCTTACGATCCCCACTTCTCACGCTATTATCAGCACTAGTGTGACCAGCTGTGGAATGTGTGTCAGTTAGGGTGTGGAAAGTCCCCAGGCTCCCCAGTAGGCAGAAGTATGCAAAGCATGCATCTCAATTAGTCAGCAACCAGACTGCAGCGTCATGATGGAAGGACGGGAATCTTTTAAGGAAGCTTATTCCCCCGACAAGAGAAATTTGGACCATACGCGAGAGCGTAGGCTACCTTGTCAGAGGATTGATGTTTGCTAGATTAATGGAAAGGAGTTTCTGACAGCATCTAATGAAGAAGACGTGGACTGGGCAAGGGAGCAGGGCACTATGAACCCATCCTCCAGGTCAGACCTGCGCGTGGGAGAACGAAACGCCCTCTAAAAAGTACCACACGATGCAGAAGCCTAGAGGGAGCTGGGAATACCGCCGTGTTATATCTTCCCTGTTAAGAAGGGGAACCGAAGCTGACCCTGGGCGGTTACGTCGAGGCACCATCACAGTGTACCTCACTCAACATCTGCGCGGAGGGTTAAGGACAC
30,CCTTGCACGGGTTCCATATACGCTCTAGTACACAACGTTGACCTGTGTTCTTACCCAGTAACCGATGAACTGTATTATGACCACAGCCGGAGTGGTCAGATACTGGGATGAGCTGTTCAGGCTTTGGGATTAGTTCCTCACGCCGTTGCACTATCAAGAAAAGACCTATGGAAGGTCACCTTAAAGTTCAGCCGAGGGCAATCAGGGGCCATCTGTTAGGTACACCCTAATTTGGTATGTATGTACCCCGGCAATTCAAACGACTGTCATTCGTGCGCTATATTCTAGGGGCATCGAAATTTGGACTAGATATCGCTCAGAAGTATAAGTAAAGGCAAGTTCAACCTCAGAGCGAAGAACTCTTGCTATTCTTTGAGTAATTCCTCAACTGTTCTTGCTCATAATAGACCCCCTCGGTTCGACTCCACTCTGTTACGACCGGAGGTTGGAGGCGGCGCAGATGCGCGCTCGCAAGGCCGCTAGCGGTGCGTATGCGACGCACCAGCTGTGGAATGTGTGTCAGTTAGGGTGTGGAAAGTCCCCAGGCTCCCCAGTAGGCAGAAGTATGCAAAGCATGCATCTCAATTAGTCAGCAACCAGCTACCCTGGGCACACCGGCGGGCCATTTCGAGACTCCTTGACTACGAGTAGTATATTGGCCTTTGGCGGAAGAGTAAGACGACATATTCCACCCAATACTTTGTCATTTAGTGAGAAAGCCACTGTGTGGCTCGATTGGATCACTCGGAGTACATGGGGTTCATCCTTAGCGTCCGTTGCTAGGTCAGCCCAAGCGGACCTACTTACGAAGACCTCTTGCAAACCCAATTGGTCGCGTTCCCCTATTCTTCTGTTTGGATGTAGTGGTTTCTGTATCAATCTCAGGATCGAGGAACTGTCTGCAACCTAATATTCATTTGTACCTCACAGAGGTTGGTATTCAAACTTTCTCTCGGAGGGTTGGCGTCTACGGAGCCCGAAATGAATCCGTGCTGACTTC
31,TTCTCCGATTGGAGGTGTCCTTTCGTCTGGGTCTTGATCTAAGGCCAGCCACGGAGAAGCCAGCACTCAAGGATTGTACAATGAGACGCTAAGTACGTCCTGGATGCCACTGCAACTTAATAACAGGCGGATTGGGTCAGTAAATCCATCTTCACACAAACGTGACCCAGCAGGTTCCGGCGTGCAATCGAAAACGGCGGGCAAATGGGACAGTCGGCATGTAGTCTGCTAGAATGAACTCAGATTGACTAGGCGCCCACTTGAAGATGTCGTAGACCGCTTTTATCGACTGACAAGGGATCGCCACTTCATTGGTACTGGCATAATGTCCTAGAATAGAGCGGTAATCTGCCGCAAGGCTCGTCCCTTCAAAGTTATCAAGAGATCGATGGAAGCTGTTCTAACTGTTAGGGCTGTGTGATTTCGCGTTAGCATTACGGTAAGGGCAGTAAGTCAAGGCATCAAGCGACGACTTGCGGGAACTATTTGATGATTTAGGCACCAGCTGTGGAATGTGTGTCAGTTAGGGTGTGGAAAGTCCCCAGGCTCCCCAGTAGGCAGAAGTATGCAAAGCATGCATCTCAATTAGTCAGCAACCAGCGACGCTGGCGCTCACACCCTCTGCTAGAGCTTAACTTTATTAGACTCCGATATGCTCATACTGAGCTTTCCTCCTCTTTAACCTGTTGCGAATGTTGATAACCGACAACCGTTGCTCCTATGAACCGGAAGCAACCGCCACAGGAACTTCGGTTTTCTACGCTATAACGTCTGTGTTCGGCATGTCCTAGAGAAACGAAGGTGTTGTGCTTACGGACTTGATCGGGAGCATGGCCATTCCTACTCGGGGCTGTATTGATAGTGTGGAGACGGTTCGGTAATCTAACTTACCACTCCCTCAATTAAGTCACGTTTTGGTGCCGAAGTCTGTGAGATGGCTGTAGTACAAATGGTATATAAGGGATACCGGGAGTTGCGCAGGTACCCCTATACCTTAGAC
32,ACGTCTGTACATTCTACTAGCATCCCAAGGATAGCTTAAGGGACATTTAACAAGGAAGGTATCTATGCCAAAGGTTATTCACTTACGCATCAAGTTTTTGGAGTGGGACCTCGCCGGACTAAGCCTACGTGCGTGTCTTTCGAAATATTGTAAGTTCAGCTTCGCAAGAAGGCGCACGTCACGTATTTCGCCGCACACTGCGGCGTACTAGTCTAACTTAATGTGATTCGCGCAGGAATTCAACTGCGCAATACTTATCGGGAATGGCGGATCGGATAGGCCACCACAACGTGCGGCGTAAATATTTATCTACCGCATTCAACCTGCCTCATCCTCTATTTGACCGTCTGGGAGCCTCAAGTAAGGCCCAACAATCAACCACTTTACAGAGTTAGCTTCCAGCGAGACTTGTCTGACTTGCTTAGCTCGCAAAACGGCTCACGGGGAGGTCTTTCTATCAGCGAAGAACGCCGGTTCCCTAGGAATAATAACAAGGAGCAACCAGCTGTGGAATGTGTGTCAGTTAGGGTGTGGAAAGTCCCCAGGCTCCCCAGTAGGCAGAAGTATGCAAAGCATGCATCTCAATTAGTCAGCAACCAGTATGACTACACCCCCCTTTGAGCCGAATCCGGATTTGTTTGCCCCCGCGGTAACTCTGGATTGCTCAAGGTCCGAAGCTCGAGCTAGGGACTACCTACATTACGTGTAATCGAGGCTTTACACAGAAAGGAAATTTTTCGTTTTCTTAGTGGCGACTCGGGAATCAGCTCACCACAAGCGTCGTGCCGGTGCATAAATAAAGGAGTAAGGCCCTTTTTAGGACCTGCCTGCTTACATAAACTTCCAATTAGGATTGCTAGAACTATCATGTCGTTGGTGGATACCACTTCAGGATCGTTATGAGGCGGCTATTATAGCGTCAGCATCCGATCCGATTCCACTCTCCTTTGATCCGAGGCAGCGCGCCTTAAGAGCTAAAGAGCCCCAGACTTTTCTGCCG
33,CGATAATCGTGCAGTCCATCGGCAGGGTTTACCCGATTCTCACATTGTGCTCGGGGCAGACGGGCAATTGCTCCAGTTCCAACACGGCCACTTGAAGGTTAGAACGCCATCAAATGTTCGAGACGGTACGACCTCACGGCGACAATCTTTGTGATAGTGGCTTACATGGATTACCTTTATAATTGACTAGTCCGTCACGTGGGACGGCAAGTTAAGGTTGGGTGCCTCCATCGTTGGGCCTTCTCGGTACTGTCCTTTACAAAGGACTATGTCGGCTATTAATACATTGTCGAAACTCTTAACGGCGCTGCTCACGTCCATATAGACCGAGGAACGCACTGAAAAGGACTAAGATATCTACTACTTCCTGCGCTTATAGTTGTGACTCGTCTGTTGAGATCGCCAGGAAGTGGACAGGCGAGCGTGAGTGTGGATATGGGTCCACTACTAGGCGGTCCTTGCCAACCACCAGCCAATAGCCCCCATAAAAGACAATGCCTACCAGCTGTGGAATGTGTGTCAGTTAGGGTGTGGAAAGTCCCCAGGCTCCCCAGTAGGCAGAAGTATGCAAAGCATGCATCTCAATTAGTCAGCAACCAGCTACCTAAATATGTCGAGTATACTAGAAGCGACTGTCCACAGGAGTGGTTAATACTCTCCTAGATACCGAAGATAACAACGTCGGCCAAAATCCTAACTGGTGAGACCTCTCAGTTTTATTAGTCCCTTCTATTACTCCTATAAATACCGTACGACTTCGAACCCACAAAGTCTGACATACCAAGAATTGTAATAAATCGCGTGACGTCTTGGCAACCGATTGCCAGAGTAGAGAGGCCATTATGATGTACATGTTGACTTTTCGGCGAGCAAAGAAGGGAGGAGACGTAATCTGTACTTTCATCAGAGACTCTCTCGTTTGAAGAACAAAATGCGTTGACTCTGCTGCGCAGCCACTCTAGCTATAACCGGTGGACGACATTACAGCACCGAGGCCAAG
34,GTATTTTGGCACTGCGTTCCATACTTACTACACCGGCTGGTTTCGATCCGGGCTCTCAAACCTTTAATAGCACCATGTCTAGTTACATCCATGTAACTGCTGTAGTCTTAGGCAGGTCAATATTCCCTTTGGCGACGTCACGTACTAATCTTGGCAGTAGCGGAGATACGCTTAATTGTTGATAGCTCGGCTCTGTCTAGAGACGGAGACCACTTTGATCGGCGCACTCTAGGGGGTCACCAGCGCGCATATGTGGATTAAAAGTTCTCCGGTCCAATTACCATAATAGCAGACGTCGAAGGTTAGGACAAACCCTCCCAGAATAGGCGACCCATTCACTCGTCAGGCCCGTTCTTGGTCTAGAGCTCGGAAGATGGCACCCGTAATACTGATTGACTCGGGGTCAAGTCCCGTCTACACATTCTCCCAACTGGGGTGAACAGGCGAGCGGCTCTGTTTCAATCATTCAACTTCTAGAGGAAACTCGGCTCGGTCTCACAACCAGCTGTGGAATGTGTGTCAGTTAGGGTGTGGAAAGTCCCCAGGCTCCCCAGTAGGCAGAAGTATGCAAAGCATGCATCTCAATTAGTCAGCAACCAGCTCTAAAACCTGATAAATGCCACCGGATCCTGCGAACGCCATTCAGGGCACCTCGTAGTCTATCGGCGGGCAGCAACCGATACGAACATAATTATACAGCCAATGACCGTTAGATACATCTGGGGAAAGCAGTCCCGTATTCGCTCGTCCAGGCCAAGGTTCACAGCACGCCCTGACGATTCCAGTTTCGCAGCGAATTCCGACGGTCCCTTTATGCGCGATCATCCCAGGGATCGCTGGACGTTTCGTTGAGAGTCTAGGCTTTCAGGTAGTTTCGTCTTCATTAGGAGTGCATCCATGTGAATGTCTCCGCATGTTGAGGTTGTAAGGTTGTACTCCGGCATTTCGACCATGAATCCCTTATTAATGTACTCGTCCGGGTCGGGGCACCCCTTGCATG
35,GCGTGTTATTAACGATACGAACTCACTCCGTCACAATAGGCGCGCTTCTTTCTGCCAACCGATCGCAAGGGCTAACCATAGCGCTGCACCTGACACGGGGTCTTGCCACGACCGGCGGAGTTGATCTACTTGCCGAACCGGGTTCGTTAGGAAGGTACGCCCCGTTAGACCCCGACTTCCAAACAAAAACGTGATGAAATAACGACGTCGTGTGTCCCAGACTTAATGCTAGCAAAACGCTGACACTCCACTTCGGTCTCTGATGGCACGTGCCGGCGATCTACGCGTCGTACTGGCCGATAACAACTAGCATGGTGTGTTATAACGGTCTTTGCGCATACAACGAGGGGCTGTACCCTAGCTTCAGGTAATTGTCCCTTGTACCCCATGCGCTTCGCTTACCCCATAGATCGATACTCGCGATAGGCTTTATTGTATGACACTTGAGTTGCGACGTAGGGGTGTCAAGCGAGACTGGCAGAACTACTAAGCCGGGTTTCACCAGCTGTGGAATGTGTGTCAGTTAGGGTGTGGAAAGTCCCCAGGCTCCCCAGTAGGCAGAAGTATGCAAAGCATGCATCTCAATTAGTCAGCAACCAGGGACCTGTTGCTCTGACAAGAGTAAGTGAGGCAGGTCCGACCGCTAATACCGGGCCAAGCTATTTTCCTGGTTTAGTAGCAAGCAAGAAATTACTCTATGTTCTACGTAGGAAGTCAAGACGCTCGAGTAATAGGCTAGCCGTCCGCGAGGCAGGAGCACATCCTCTTAACAGGCGATCGCCACCCAAGGCTGTGGAGTACCGGAGGTGCAGACTGGCCAGAGACGATCCCAAACAAAGTCCAGTGCTGTACATCTGTGTGTCGATAGGCTGAGTCCGATAGAGTGTCCGGAAGGCAATGATAAACCTTGATTGCCAACTTCGTTGGTTCACTCCGGCATTGGCTTACTTGAACGGCCTGTAAAGTAATGAATTAACAGTCAATGTACTATTGCCGAGGT
36,CTAGATTGTCCTCTCTATCAAAATAAACGTGCCAAAACACACTCATTACCTGTCCACCCGGACTTGGGGATCTATCCTGCAACCCGGCGTGTGCTTCTCTTCTCCCAACGAACACTCTGGTGAGGTACTTTTGCTTTGATTCACTAAGTTAGAGGAACGGTCAGGCTAGTATCATCATTTTTTGCGATCCCTAGTTGTGACAGCCAAAATAAAAGTTCTTCGATCAGCAGAATTAGTTTGGTCACTGCCAATCGTAACCTACCGGTAATACGACCGGACAAACCTGCACCCACGTGTATCAAATCGGCTTGCTTATTATGGAGCGCAGACGATATACCTGGCTTCTTGTAGTATTGCGGTATTACCCACCGGTACCCGTACAATATTGTTTCGCATGAGCCGCACATTTCAATTGTCGATATAAAATCGGTCAGCTTGGTCTAGACCTGGAAGTGCTTAGTGGAAAACGCCAAGATTCCCTTCCTGACAGCAGTTGCTACACCAGCTGTGGAATGTGTGTCAGTTAGGGTGTGGAAAGTCCCCAGGCTCCCCAGTAGGCAGAAGTATGCAAAGCATGCATCTCAATTAGTCAGCAACCAGGTGTGTGTTAAGGGCCTGACAATGGTGCTCCCCTGGCTTTGCCTCTTTACTCCGGTGATGATTATTCGAAGCCAGTGCCGCGGTGGCCGTGGCATCTGTCAGGTGATTACTGTACTTAGGACTGGGTCCGTGCAATAAAGTTTCGATACTCGGTTGAGACATCGGCTTATTTCGCCGGCAAGCATTTGGTGGCTTACTTTGTTGGTGAATGGGCTAGATAACATCTTTGTGTGAACAAAGCTATCTCTGTATAGGTCAGCTGGGTCAGGCGCGTTCTTCTGTCCCGTTACTGGACGGCTCAAAGGTTGCGGGGTTAAGGCGGGGACTGCTGAGCCGACACCCGAGATTGTGATTGAGCATGAGTAATTGAGCTATCCGAGTAGTGAGTGCTCGAGTCGCG
37,ACGTGGGCCCAGATGATAGCTGGGCAGTTAGGAATTGTCGTCTGGAAAATCGCAAGTTCGGCTAGTATGCCTGGCGTTAACGGGCGTTACGATTCGATCACTGGTGGTCTCGCCAATATCATTTAAGCGCAGTTTTCCCGGTTTTTGCACTCCCCTTGCAGGTTCTTCATCTACCCCACCTGAATTGGCTGGGGGATGCCCTGTCTACGAGTTAATTTTGTGAGAAAAACGTAATCTCCTAAGCTGCTGTCTATTAACTCCGTAATAATCCCACGCCTACCTAGCTGTGGAATTAACACGACCTCCTGCGGCCGGAGTATCTGGTCTTAAGACGATGACTTTACTACGGATGGGAGTAGGTCCGTCGCCCCGATCGCTCAAAGCGATGGGTTCGAGCTCGGATGGCGGGTGGACACCATTGAGAGGAGTATGAAACTAATTCAATCCTGAGTTGACATGCGTTCTCGATGTATGCTAAGCCTGATATCGCACTCTTGGCTACCAGCTGTGGAATGTGTGTCAGTTAGGGTGTGGAAAGTCCCCAGGCTCCCCAGTAGGCAGAAGTATGCAAAGCATGCATCTCAATTAGTCAGCAACCAGACGGATCATGAGCCGGTTGGCCATTAGAGATCGAGGTTTCCCTATTATGAGATGGCATCTCCTTGTACTTCGCAGGACATTCGCTAGGATATAGCTAAAACCGCTAAGCATACAGTCAACCAGGAATAATAGGTAAAGTGAAAAACGACACCTTTGGGCTTGAAGAACCCTTTTCGCTTTTTTTTCATAGGTACCCCATGTTGTGGAATGCACTATATGGTAGTTTAGCAGACAAAAGCGCTAGATTGACCGCGCTATTTGTTCGACGGCCCCGACACGCCACTTATCACTCATCTAGCAAAAAAACTCGAGGTGCTATGTGTCTCCCTCCTGATGATTGGCTCAATCACTGTTCAATTATGGTACAAAGACAGAGTCGTCTCGACTGGTTGTAAAAATG
38,AGGTGTGGGTAAGACGCGAGTCGCAGCATAACTCAGGGACGAGCGGCCGTTCGGCGGCACAGGGACATGGAACAGGACAGGATACGTTCCCCAAAGGCTTTACGCTTCGCTATATCCGCGGGCTCGCCGTCTAACTGATTTGCGCTCCAATGGTTTCGATCTTCGTTGCCAGAAGGGGGCGCCCTCAAGAAAACACGATCCAACCTCAAGAGTGACACCCTGTCTCACTATCATCTGCATAATTGCATCCCTGAGCTAACTACACGAACCATTGGTGCGGTACACGAGTTTTCATCTAATGATTAGGAGAGCGGTTTCTCTCTTTAGTCCACTCTTCCGGAGACGAACCCAGTCGTTCTTCTTTATGACATCTGCGCTGCGCTTTATTTCGGATCGATCTGCGCTCTTCATCTCCCAATCATCTTCGACCTCAATTCCCGCCGCAGGTCTATAACGATATTGAGCCCCCTAGGGTGCTTGCTCTACCCAGATTTTACGTTACCAGCTGTGGAATGTGTGTCAGTTAGGGTGTGGAAAGTCCCCAGGCTCCCCAGTAGGCAGAAGTATGCAAAGCATGCATCTCAATTAGTCAGCAACCAGCCGCTGTAACTAGAGGCCGTTCTCTGTCCATAACAAACGGCGGCTTAGCCCCTTCTATCCTCAAGGCCCTCCTCATAGAGCGAGGTATTCTGGGCGAAGAAGGCCGGAAGTCTGTTCTTCCACTATCCGAAGGAAGTGATTTTTTGAGTGATGCACGGTACCAGAATACTCGAGGTCAACTGAGGCTGAAAATCAGTACTCGGCAGCGCAGCATCGATCCAGAGGAAGGCCACTCTAGAAGTAAGATGAAAGCAGTAGCGCCTGCCCGTCTTACATGGTCGTCTTGAGTATCCACCTCTAACTAGATCTCCATGAGTGCTAGACGGGGTTAAGCGACGCTAAGGTGGCCCCACGACTCTGTGAATCGCTCCCGATGAAGTAGAGTGTCATGCAGAATCTG
39,GTTCGAGGCGTATTTTTCTGGACATCTCAAGCCTCATCTATCACGGCGTTCTTCTGCCCATCCATGACCAAGCCTCCGATTGGACACAGATTGAAGATCGTAGGCGAGTCCGAAGGAGAAGTTCGAAGGAGGCTATACTACGAGACTCCAGGCTCATAGGCAGATATTCTATGGCTCCTAGTGACGCATCGGCCAGCCTTTGATGCCGGATAATACAGTTTGGACTTGGGGGGCACAAGGTTTAGCCCTTGGCCTTATCAATCGACCGCAAGTGGGGCATGGTTTGATTGATGCGTGGTAACACGTACTTGGCCGTTTATCAATCCTAGCCGTTCTCATCGGATGGGGTATTTAGACTATCCAGATTAATGCTGCGACTACAGTATCTACAACTCTTCAGCGTGGCTACCATCGAACGTGTCACCTCTCGACGTACTATGAAACAGGATCTACCAGGTCACTGCATGTATCTAAGATATGACTTCGAACAACGCTACTGGACCAGCTGTGGAATGTGTGTCAGTTAGGGTGTGGAAAGTCCCCAGGCTCCCCAGTAGGCAGAAGTATGCAAAGCATGCATCTCAATTAGTCAGCAACCAGCCGTGAGGGAAGGTAGCAGGCTCAATGGAGCAGCCGCGCCGTCGCGGGCATAAGGTTGCTGTAATCCCCATACTTTTTCGGTTTCCAGTTGAATAAAGGCGTTCCAATACGTGATGGTGGCTTTCAACGAGGGCAGTCCGTCCGCCAGCGCATCAAAAAGTAGGACTCACTAGGGGGCTTGGGAAACATGATTACTTTATAACTTGGGGTGTATGTTGGAAATTTACGATTGGAGATGACAACCATCTCTCGCACGAAGGCCTCAACCTTTTTTACGTGCGTCTTCGCCCTCTACGGTGTCACGATGAAATGGTGCCTAGTGAGACTGGCGCAACACCCGGATGCCACGGAAGCTCGAACATTGTGTGCTTCCCTTGATATGCGCCTAGCCTAATAGGGC
40,TCATACAAGGGAAAAATACCTATAAAGAATCCAACCATTCTTAAATGCCGCCGTCAGGCTCCTACTTTGCGACTCTCGAGCGCCCTAGCACGGCGAAAGCTAAACATAGCGAGTCATAAGCTAGGCTCGCACAATTTCTCCCTAAAAAAACACTTTCGCAACAGGATCCTTCCGCATGACGGCTTAACCCCTGTTGATCACGGCATCGTGCTCTACCGGTCGTCGTTATAGCAGGTCAGTCAGCACGCCCTGGGGCCTATTCCCAGCAGACCTTTGCGGTATGTCCACTGTCAAGGTCGCTCCAGCTCAGCTCGATCGTTCACACGCCGCCTTTGCGTAAACAAAATTACTCGAACCCGATCGTAGACGCTAGATAGTTTATGCCAAGCGGACTAATTGTCGGTATGCCCGAAAGAGGTGGCGCAGCTTAGATAAGCGTGGTCCCAACCGGCTGCACTTCATAAGCTCGAGGCTGTCCGAGGGGCTATTGACGGTACAATACCAGCTGTGGAATGTGTGTCAGTTAGGGTGTGGAAAGTCCCCAGGCTCCCCAGTAGGCAGAAGTATGCAAAGCATGCATCTCAATTAGTCAGCAACCAGGCGCCCGTGGTCAAATCCCTTTGTGCTTAAAGTGGATGGCTAGAAGCGATTATTAGGGATTCAGTATTATGGTTATGCACGCCGACGAACAGACTCTCTCGCTCTGCGGGCGTGTCTATGCTGATTTGCGGGCCCACAACGCAGCACCGGCGATACTGTCTTGGCTTTTGTCGTCAAATATGAAAGGGGTCCGGCGTCAGATTTCCCCACTATCCGTTAGCGCGTTGATATATAACACTCGAACTCCGCGAAATAGCGCGGGAGGTTCGTTAGTTCCATTGGGGCGGGGTCAGAACCCAGGCCCATTCGCATAATACCACTTAGCGGCAGGTCTGAGTAGTTAAACCGGTGCCCATTGGCTACCTGCGTAGTGAGCCGATGGAAAACTAAGGACGCGTTC
41,TATCCACATGGGCTCTAGGAATGAGTCCTCAAATTAGTGGTCCATCCCCGTCGCAAGGCCGGAGCGGTAAACGTCCTGCAGCAGTCCGTTCAGTCCCCCTTCCGTGCAGAACCAAATCCGAGCCGTTTCCATTCCTGAATAGGCTAGCCTACAGCTACCTGCTACTGAAGTCCCTTAGGAGGCCAGTAGGTCCATCATCCCATGCCTGCGTCCCACATCGTATCTCTGCTGAATGGCGAGGGCAACTATGAGGGAGGGCTCTATATGCAGGTGAAGCACCAGGTAAGCTCAAGTTTTAGATGCCGAGCGGAGTCGGCTCGGCCCTGCCGAACCACACACGTGGTATGCACCGGTGAAATTTGAGGATTGGAGCCCCCGGATCACGCATCCACCCCCAGTCACATTGATGCCGCTACCGATTCCCCGGGAGCATTTCTTATTTACGGTAGAATGCTCCCCAACAAGTGGTTCCGTAGACCAGAGCTCATTCGTCGCCATAAACCAGCTGTGGAATGTGTGTCAGTTAGGGTGTGGAAAGTCCCCAGGCTCCCCAGTAGGCAGAAGTATGCAAAGCATGCATCTCAATTAGTCAGCAACCAGCGGGGGCCATCAACCGGTATGCAGCTGGGTAGTTAGAATGCACGGAACACAACCACCGAAGTTTATTTATAGGCTATAATCCTCCGCGCTCCATTAGCGTATAAGCAGCGGTCGCATGTCACACAACGACCCGTGAAGTCCCTGTCTTGATTGATACATCTGTCACGTTCAGTGAGCGCTATATAACTTACCCGTTAATGATCCAGTAACTCTCACGTTAAGGGCCATCGCGCCGTGATGAATTTACTCTAAAAAGGTGGTCTGGAGGTGTTCAGAGGAATAACGAGATTTTGACGGACACAGGATTACTGGGAGGAACTCAGTTTGACGAGTTCGAGGCAAGACCCGGTTCCAACTATGCATAGTAGCGAGAGCAAATCCCCCATAGTGCCTGTCAATG
42,TATCGAAATAGCATCTGGTGTTGCAGCCCAAGGAATCTAACACACCCCCTACCGCCCCGAATTTTCTGGTATGTCAAATCTTATACGTACGAACTTCCCCCGCTCATTCAGCAACTCCTTTTAGAAAGTGACAGTCGCAGGTTTTAGAATGAAAACCGACTAGTAACCGTGTTCACGCGGTGGAGTATAAGCCGTGCAAGGATCTTCTAGCTGTTCAAGCCATCTGTGTTTTTGGATAATTATGGCCCAACGTTTCATGGCCTCTGAAATCACACTACGCGTTGACGAGCCAACCAGTTGTTAAACCACACCTTATTGAGGTCCGGGGATTCAGCAATTAGCGAAGAGGAGCTCAAAATAGAATCAAGTCCGGTGCAATATAGGCAAGATACAGGGTGTTGACTCAGTCTACGTCTGGCTAGGAAGACTTGAAGCTATCGGGGCACACGTGTTCACTCCACCGAGTCTATGGAGCTCCCAAGCCAAGCTTGGAGGTTCACACCAGCTGTGGAATGTGTGTCAGTTAGGGTGTGGAAAGTCCCCAGGCTCCCCAGTAGGCAGAAGTATGCAAAGCATGCATCTCAATTAGTCAGCAACCAGTTAGCGCCGCCACGGGCTTAGTGTCCACGGGGTTACGAGAACGTTGTTTTCCTGACAAACTATCCTACGACTTGAGTTCAAATAACGACTAAATACTGGGGGTTTAACAGTACCAATCCTTTCACAGGGAAGATACACCTCTTTAAGTACGCGGCTGATGCGTTACTGGCCGGCCCGTGACAGACGAGGATCGATGATTCAGTTGCGCCAGTCCGTCGATTGGCACACGACTTTAACCACGGGCTTTAGCCTGTCTTAGAATTCGGACCCTTTAAACCCTTGCGAACGACATTAACACGCTTGTATTTCCCCGCCCAAGTTTGACCGTCACCTAATGGGTGTGTGGAAAAGGTCAAACTTGAGGGTGGTCTCGGCTCTGGCTCAATAACTAAGATGACAC
43,CCAGGCATCATCGGGTCGCGTCAGGTCCGTTACTATGTCGTCTTACTCTATTACCCTCAGCCGAACAAGAGGTAACTCCCGGCTCACAGGGGTCTTACTGTTATCACTTTGTGATTAGATCAACATTCATCTAGAACCTGGCACTGCCCCCGGGCATGGTCTGAAAGTATCAGCTCCCTCCAATTATGCTACTGCTCTCTTATAGACGGGAATACTACCAAGACGTCTTCGCAATCGCTCCCTCGGAATGAAAGGCTACTTCAGCAAACGATCCATGACTAAATTTGACCACGATATGGTTAAAGCGAGCGTTCATGGCAAGACTGCTCCTGCCTACCCGACTGGTACAAGGCCTCATGCTACATTGAATTTTTCCAGCGATTCTGGTGCCTCGTAAGAACGCTGTGGCTGCACGCGCCAATAACCTACACTGAAGCAAAGATCTCGGTACCAGCCTGGTCGCCAACTGCAATGAGGAGGGTTCAAGTACCCATAAACAGACCAGCTGTGGAATGTGTGTCAGTTAGGGTGTGGAAAGTCCCCAGGCTCCCCAGTAGGCAGAAGTATGCAAAGCATGCATCTCAATTAGTCAGCAACCAGTATTGTGGATCACTCATGGAGATACCAATGGATTAATCGGGGCTCCGCCCGAGTAAGAGAGGCCACTTATGTTCTATGAGACCGTTATGCATAACACCGAGCTGGATACCTCGTAAGTGAAACGAAGCACACTCAGTTCCGACTCAAAGCGCAATGCGGATAAATGCGTGACCATCGCTTGTATCTGATTTACCCTAGTCGCATTACCCGAGTCAGTCTGCAATTACTGCTGAGGAGCCGATCGCCTATAATCTTTGGGCGCGTCCGTGCCGTCACTGCCCAAGGCGATCTCGCATGCCGACCGAGCCTATTGTCCTGGTCAGATCTCGCCTATCAATTAACCTGATACATTACGACCATTGCGGCAGCCTGAACGATATCCCCATCGGATAGCGGTTCT
44,ATGGTACTGTGTGATTTCGAATTATCGTTCCTTCGGCGATGTCATTCGGCTCTACGATAGCGAAACCTTATTGACACAGTCGGACAACACAAGCCTTCGTTTTGAGAAAGCCTGTTGCATCATATTTGCCACTAGAGTAATGTTCGGGTAGCTGGCCCCAAGCGTACACGAGGAGCCTCGTACCGGGCTTTATGAGTAATCCCCAGGGGTGTAAACGGCAAATCAGTTCATCGTCGTTTGGCGAGATGCGACCTTGTTGCAGTGTGGTCATGACTCCAGACTTGATGCCGATTATACAAAAAGCCACGTCGCACGGATAGCCCCACAGTGACGATTAAGACGAATGGACGAAACGGTCCCCGCCTGTGATGCATACGCTCTCTAATGCTACTCTTCCTGTCACCATTGTACCGTGTCGAAAATCCTTAAACGGATAATTAATGCAACAGTGCGACTCGACCGAGGCGAGGCATCTACAAGTGAGCCGACCTTACCTTGACACCAGCTGTGGAATGTGTGTCAGTTAGGGTGTGGAAAGTCCCCAGGCTCCCCAGTAGGCAGAAGTATGCAAAGCATGCATCTCAATTAGTCAGCAACCAGTGAATGCTTATGGGGACATACGAATTGTCGTCTGGGAGGGACAGCCACAGGACGGAGATTTCGGCGTCAGACACTTTTCCTGTACGCCACTTGGGCATTCCGTTAGACAGCGCAGACTGCGAACCCCTTGCTTTTTGCAGTAATTTTATAAACCAGTCATTTAAACCGTACGCCCTGGATCTTGTACATAATGTAGGGCGTTTTATTCTAACGCCTTCAGGAGTCAAACTAATCCATAGATATCAATCGGCATCAGGCTCGTCGAAAATGTAGCGCACGCTATTGGTCAAAGAGATTACCCCCCGGCACCCGTACTGGAAGACATTAAATCATATGCCCTGAACGCCCCAAAAACGTGAAGCGTTCCTCCCTGATAAAACGCCTACCGCTGCACATACCT
45,ATCACTGGTGAGCCATGTCACGGTTCGCTATCATGAGCGCATAAACTCAACGCCTGAGATCTCGCATAGCTGACTCGTCAGCGGTATCTCCAGAGGGTAGAATGCCTCTTGTATGTAGCGAATAGTACGCCGCTGCTATCAGAGTTCGGCGAGGACCGGGACCCCGCGGACAGACTGTAGCGCCTACGGCTCACGCCTGGTCAAGAAGGCTCGATGTAGACCGTTAGGTCTTCTGTAGATCTGAGAAAGCGCCTTGGCTCGTGGGAATTGCTTTTTTTAAAGACACGACGATAAAGGTATGCCTAATGACGTGAGATGGGTCTCCCTAATTTAAAAACGCTGTAAGTAGCTCCAGATGAACGCTAGCGCTAGTGCCTCGATTTTCGAGGTGACTCGGCGGCACCCATGTGAGGCTCCGTCGGTTGATCATGTCTCCTGCCACGGATCAACAAAACTACTCAGCTGGGGTTCATAGATCTAGCCCGCCGTTGTTGGCGGGTACCAGCTGTGGAATGTGTGTCAGTTAGGGTGTGGAAAGTCCCCAGGCTCCCCAGTAGGCAGAAGTATGCAAAGCATGCATCTCAATTAGTCAGCAACCAGACTTACTTCTATTCTTGGAAGTAGTCGCCCCAGTTTTTGGGAAATTCGCAGTGAACATGCGTTTCCGCATTTAACGACAGTGGTCTAGTTTAATGGAGGGGGGAACTGTACTGGGTAACAAATGACCAGGAAGTTCCTGGAGCTTCCCTAAAACGGCGACAGCTCTGTTGCCCGGCGTCTGTTGTCTGCCAACCCCCAATGTCGGTAAGATTCGACTTGTATAGATGAGGAAGCTGCGTAGCCTTGTGTGACGTACGTTGCTCACGAGTCACACGTATTGATAGTAGTCCCTAGATAAACGGCGTACTCGTCTCTTTTCACCTTAACTTCAGAGCGCTGCTCTTTCCGAAACAAAGATTCCGCCCCGTATGTGCGCCCCCGCTGAGGCCCTTTCTGGAGG
46,ACCTTCCCCAGACAGCTGCTCGATCCCTTGTTAAATTACGTAGCGTGTACGCGGCCGCACAATTCCTACGCGGGACAATTTCTTGCCGCTGTCCAGTACACCGTCTTTTGCCGAACGATAGTGAACCCCTCAGCCGGACAGATTCCTAAACATGATCCGAATTCGTAACTCACCAATCGCTTATCGCGAATTACTTTTGACATGTTAAATTGATTCGAGTCGCTGACTAAACCAGTACACATTCCCAGTTTTAGCATAGTCCGCTCAGGTTCAGGTTAGTTACAGGCAAGGAGTCCTCAAGGATCTTCTCCCCGGCCGCCTCAGACATGTGTATCGACGTCTACGCGCGTCTGGGTGAACAAGATGGGGGTACGCAAATAATCCAATCGGCCCTGGTAATGTCCGATCAACGCTCGGATTGCGGAATTAGTCCCGGGTGGTGTTAACATCCGTGTGAACTTGTTGAGTTACTGCAAGAAGGATCCTCCGCGTGCAAGCGTACCAGCTGTGGAATGTGTGTCAGTTAGGGTGTGGAAAGTCCCCAGGCTCCCCAGTAGGCAGAAGTATGCAAAGCATGCATCTCAATTAGTCAGCAACCAGTGTTGTTACGCTCGGGTTCGAAATCCGTCCCTCGACCTCGTTTGGCTCCCTTCCAAAAAACAGCTACCCAATCCGCTAGACGTATAGTGAGTTGCATCGAAACGCTCAGAGAAACGTGGACAGGAGGCATCTTTCAAATACGTCTTAGGGTACCATCCGTGCAATTTCCCGCACCCAGGGCCCACAACATTTTGGAACATTTATAGCAAAGTTCGCGCTGCAAGCGTTCGGATTAGCACCTACCAGGAGAATCATCTGTAACATAGCTTTTTGCGCGATCATAGCGGATCTGGAACCCGACCTATGACGAGACATAAAGCAATCTTTCTACCACGTCACCCCGTGTTGGTTTAGAACCTCTCAATCTATATAAACAGAGTACAGCACGGGTCGCCCACAC
47,GCCGGTAGCGGTCAACGGTGCTCAATCTTCAATCGGGATGTGAATGTAGTTCAATCGTTCCGAGGTCTCTGGTACTCACCAAGCCGACAGATTGGATCACGCAAGATCGGTCTCAATTCAATTCTACAACACGGTGAAGTCATGGCTCGTAGGAGGTTGAGGTTATGGAGTAAAATATTACCGTGTCGCGTATTTGCCTTGGACGGTGTGGAATTGCGCCTCCACCCAGCCCTGTTAGTACTCTCACTTCCCGGATATGCTGTAATCTTCGCCACCGATCGCTTACCAATGTCCTCATAGCACAGATTTAAAGCCGGGACAATCCGGCACGTCGCGATTTGATTGGACATTGACGAACGTTCTATTACGTATCGCAGCGCTCACCTTATCGGTCGCGGGCTTCGTCCGATACAATGGTTGGCTAAGACTCGATGACTTCAGGAACCATCCCGGCACCTATACGAAACGTTGTCGCCTACAGGTTACCATCCCCCCCTTCAACCAGCTGTGGAATGTGTGTCAGTTAGGGTGTGGAAAGTCCCCAGGCTCCCCAGTAGGCAGAAGTATGCAAAGCATGCATCTCAATTAGTCAGCAACCAGCGGATACGTTACCTTGTGTTGCACGCCATTGAAAGGTAACCCCCCTTAATGGGGCCGAGATGCATTTTCGTAGACCCGCTGCTTAGTTTTACAGATTACCAATGCGTGGCCCTTTTGTCCGTCGTTCATAGATTCGTCATTTCTTATGTATAGATAAGAGAGGATGAATAATCGCGTGCGGCTACAAAACACCTACGTAGAGGTAAGTATACGGGGATGAGTAGGGCCGAAGGCCAAACCACGAAAGAATTTTAGGGCTGATCGGGGCCGGACCAGTCGGAAGGCTTCAAGGCCAATGCTCAAGCTTACATGGGTTTAGACAAGATCCGTGCACTTGGATGGCCCTTGTGGGTGCTTGCGCGATGCCGATGCGAAACGTCTCTCAGATATGAATTCAGGT
48,TCCCTCCCTCTCCACGACATTGCAACATCCAAACCGAGCCTTCTCTACTGTAGAGAATCGACCTCCTCTCCCTCCGGTGCTATCGTGTGCTTAACCCATGGTGCGTGGCAAATATAGAGGGATAATTAAGACGTGATAGGTGCATTGGGGTTCAACAACCGGTGACGCGATCAGTATTCGGATAGATGACATTCCGTTATTAGATGAATTCCATGTACTATTGTTGGATGTCAATTTGGTAAAGGGAATCCGCTTGCCACATGAGTGACCCCCTGCGTTCTAACCTCCGCATAGCGGTCGCGTGGTTGCCGGCAGCTCACAGTTGCTGAGGTCTGAGTTCAGCGGAGAGCTCATATATGAATATAAGGCGAGGCGACCGTGGTAGCACAGCAATATTCGGCAGGTTGTTGTTGACGGCGTGATTTGAGCGAGGTTATACACATGTAATTAACACTAAAGTCGAACCGTCCATACAAAAACAAACCGCCTATCACACCGAAACCAGCTGTGGAATGTGTGTCAGTTAGGGTGTGGAAAGTCCCCAGGCTCCCCAGTAGGCAGAAGTATGCAAAGCATGCATCTCAATTAGTCAGCAACCAGGTGGGTCGGTGGTTTCGCGCTAATTCGGGGTGGAACCATACACTAAATTCTAGCCCAGGACAAGACGAAGAGCCATCCATGGACGGGAAGTGGCGATGCGCGCGTCCAAGGGCGTCATGCGAAGCTCCGGGCGGCCCATCCTGCCCGCGGAGCCGTGAAAGCAAACACCCGCCAAACCTCTTCGAGGGATCCAAAGCAGTATGCCCGGGCCGGTTGTTCGCCGCCCTAAGGCTGTAAATCTGTACAAGTGGTCTGTATTCTGCATGCAACTGAGGATCATCTCATCAAGTAGGCATTGGTAATATATACACAATACTCCGACATGTTAGCGAAGTCCAGCGAGAAGCGGTGCTCCAGCTGGAGCGAAAGTTCAATCTGACGACCCCAAGTTATCCAATAG
49,AAGCAAACGGGGTATAACAAACTTAGCGAGACTCACCTTTATTAGTCCTCCGAGCAAACCTGTATTACACTGATGTAGACCGTTGTAGTTAACATTTGCAGATCACCCTCTCATAATATCTGAACTCGGTCCTCCTACGCGTGTCCTACCGCTAGGGCAAGCTGTTCTTCTCGCCAACGAGCCGAGAAGGTAACCGTGGATGATCAGACGTGAGATACCATCATGAAAGCGGTTACGTCGTAAAGCGTTTAGATTCTATCCTGCTGCACAAGGGGGTATGTGTGGAAATGGTCTGTAAATTAATCGGTACTACTTACGAGAGAATATTGCGCACACTCCAGCCAGGTGATATGTCCAAAGACCTCCTAGTTCTCGACTAAATGCTCCAATAAGCGGGCCCCCAAAGCGCATGGCTAGCAGTCCGGGTTTAGCGTAGTGCGTTAACCCAGATGTTAGCCACACTTTAAGAGAAACACGGCACAATTCAACGGTTCGGGCGAACCAGCTGTGGAATGTGTGTCAGTTAGGGTGTGGAAAGTCCCCAGGCTCCCCAGTAGGCAGAAGTATGCAAAGCATGCATCTCAATTAGTCAGCAACCAGCCGGGGTATTAAAAAGAGCGCTAACTTACCCAGCCTGGCCGTGAGTTACTAGTGTTTATATATGATTGTAACCTACTGAGAGCTGCTCATCCTAACGTGGTAGAATTAGTCGGAGCATAGCTCTGGATGATCTTCGTCCAAACCCTCCACACTTGAATACGGATCCCGATGGACCCGCTCCCGGTTCCTTATTTTCGGGTTCTAAGGTCATAGATGTCGCCAAGTGGGTGGAGACATAGCGATAGTAAGTGCGTCCTTCTAAAAGTGCATGCCTGTGGCTGGACAAGCATGCTACAGTACTGTGGTGGGTAGTCGACTCCAATCAACCGGATTCCTCGTATGACTTGAGACAGTCGCCAGAGGGCCTTTTCAGGGAAATAACATAGTCGTCAAACGAGAC
50,CTGTTGTAAATGTCATGGTCACATGTAGATATGCTGACTAGGTTTCATGCCAATGGATCTCTACGTGAATTCATCATCGACGAATGTACTTCATGACTATTCAGGCGAACGCTAGGAATTAAGGAGTTCCAATAATCGTCGTAGAAGGTACCCGTCGCCTTGGAGCGGCTGAACTGTGGACGTTATATACTGGCCTTATCCTGCCAAGAATCTGGGGAATCATAACCATAGCCAAAAAAATAGTCACAGCAGTTTAAACTCGGCTTTACTCTTGATACGTGATCCTAAAAAGTACCCGGTGCCCGGTGCCCGAGAAGTCCACTTTCCACATCAGAGTTGACGTCGAAGATTCGTCCTTCCTGCTGATAAGAGCCCCAAAGCAGACGATCCCAAGTATATAAGGAACCAATCAGAGAACGGGTGAATGTAAACATCCAATATATGATAAAGACTGGGCCAAATTCATGTTGAATCGAGTGCCGCTCGTCTTGATACGGTACACCAGCTGTGGAATGTGTGTCAGTTAGGGTGTGGAAAGTCCCCAGGCTCCCCAGTAGGCAGAAGTATGCAAAGCATGCATCTCAATTAGTCAGCAACCAGCGCACTTTTAGCTTCAGACGTTCGTTATTCGCCCGCCCGAGCCACGACTCGGCTGATGATTCATATTTTGACATACACAACTTAGCTCAGGAGAGAAATGGCTGATAGTATTACCGAAGGATTGCACATACAAAGTTCATTGTGATGCTGGTTGACAATCAATTTCAGACTAGTGGGCTCTGCCCCGGAGACCGTCGTTCAAAGATCGCCGAGAACGCTGCGCACCGTCCTGAATGCAGATTACACGGGCGTTGAAAAAAAACTTTGATGTTACGGGCATGTGTGTCACAAAGGACCCATGGCGGCGTTGCTAGCACGGGCCCAACGTTCTTCTTCGCGAGCTGTACGAGAGCACCAAAGTGGCAGCCCCTGGGAATGTTGCCATGTGTAGGCTGTCAGT
51,AGTCTAGGACACAACCCAGTTAGTCTGCTTATAACGCCTGGATAGGGATAAGAAGCAAACGACGTGTCTACCGAGACGAAGAAGTGTCTCCCTAGAGCTTGAATTTCTGATTACCTGCTCCCGTTTATGACGTCGTGCCTGCAGGGATAGGGTTTATTCAGTAGGACTCCGCGTCAGTTTCAAATTACTAGCCGAGAGTCGCGGTATAGAGGGTTGGTTGGCACGCTCCCCTTCTAGCTTCTCTCAGTCGCCGGTAGATCCTATTAGGTATTCCTCGCGAAACACCGACTGCTAATGACGATATCCGTCCTGGAAACAAGTGTAACTCTGATATTGTCGCGGGTACCAGGCATGGAGCTTTTATACTAACTTCAACAGCCGGAGTCGTAAGTACTGAACAGCGGCCGAGACAACGATCAATACAAAGCTATTAAGTGTGCGAAAGTATGTCAGACACACTTGAGTGCTGCAAAGACAACGCATTAATCAGCTGTGCTTCAACCAGCTGTGGAATGTGTGTCAGTTAGGGTGTGGAAAGTCCCCAGGCTCCCCAGTAGGCAGAAGTATGCAAAGCATGCATCTCAATTAGTCAGCAACCAGAAGTAAAGGCCCGAGTCCATAATTTAAATTTTCGGGGCGCCCGTACGCGCTCGAGGATAAACCCTTGTTAGAATGTACCCTGGAGAATCGCTTTTTTATTTCGGGCTCGATCTTCAGAGTCTTAGGCGATCACCTTGCACTCCTCACCTAGATTCTAATACGGAGCTGCTACCCCGAGCCATTGTAACCCACATTCAAGTGCCTAGCGATTTTGTGGCCTCTGTCCGAAACTTTTCCGGTGCATTCAACTACATTATGTATACCATTTCCGCCAGCGCACCAGAATTAGTATTATACTAGACCACAAGTGCAGTCATTCTAGTCTCTGCACGCTCTACAGATCTTGCTAAAGGCGGACAAACTCCTTCAACGCCGAGGTATCAGCTGCGGGCTTTTGCGC
52,ATAGGAGTATTTTTTATACGACATATAACTCCCCCACGTAGGGAGGATTAAAAATTTATCTCCAGCTATGAGGCATAGACCTCGTTGCTACTACATAATTACTTTGTAGTAATGTCGGTGGGGGATATCTAACCAGTGGCTAGGTAATAGCGAGCAACAAGCACGCTGGTACATACCGTGGTGTCACTCAGCATATTACACTACATAGTGTATTTGCTTGATGTCTGGGCTGTGTGTCTGACTTAGCGCATGGTAGGTCGATGATTACACGCTCGGGGGAGCTCTACGTTGAGGAAATGTCTGGCTAAGGCTGATCGATTTCTGTATTTAACCCCGCTATGTAATCCGTCGATCTAGGCGAAAGTGCCCTACCTCGATCCTGGCGAGAATTACGCGCCTAGGCTCAAGTTCCGTCGACTCTGTCGCATCGGCGTGGAACATAGATAGAACGGTCACTGAGTTGCGTACATCATCGGATCACGTTTTAAGACTACTGAAGCACCAGCTGTGGAATGTGTGTCAGTTAGGGTGTGGAAAGTCCCCAGGCTCCCCAGTAGGCAGAAGTATGCAAAGCATGCATCTCAATTAGTCAGCAACCAGGAATATGTCTGTATATGAGTATGTACTTCGCGTGTATTAGACGGTCTTGGAAGACTACGAAAACTACCGGTGAATTGCAGGGTACGTCGAATATGGAATTAACCTCCACACTCATGGATCAGACAACTGTTCCTTGATGTTAGACGGAAACATAAGGAAACTACGTTACAGCCGGGTCTTGACACTGGTACGTATCTGATGTTAACTAGGACATACGTTGTAGACTAAGGAAATCCTGTAGTGGATGAATGTTCGCGGCACGGTACCGACTCCGGCTACGCTAAACGGTCCCCCTGCTATCCAAATCCTTTATGACCTTGAAACAACTACGGGCTTTAATGGACAAGTTCTGACAAGGCTAAAACTTGTGTCCTGAAAGTTGTTTAAAAGGTTAAAACTC
53,GAGGCCAGATATACCCTACAAGTATATCGGGCTTCGTAGTGGTTAATAACTACGGATGATATGGTGTCGTAACAGAGGCGCCAATATGCCACACGGTCATCGATGTACAAATTAATACGGTACTAGAAATTAGGTCATCAATCCAATACACTGAGTCTAGGTCTGGACATACTAAGCCATTAAGTGGACAGGGGTGATGGAGTCAAGACCCGTCAGCACTGCTATCGAAGTCAGCGTTTCATCGTCTCGGGCTTCGGGCAATCTTGGGTAGAGCCTTTTGCGAGGGCAGGGTAGTAGTTCACCACCATGGACAGGTTCGGGCGTGTAAAAACTCGCTCACCCAACCACATAAGCATTGCACCCCCTTGGCCATGGTCCTTATGCCCTCCGTGTCTAGCGTAAAACCTGCACATAAAGAAATTCTCCCGCATCGGGCCTTAATATATCCATGGAGTACCTGAGCTTGGGTATTTTATCAGGGTCGAACGAGTCCCTCGAAGACCAGCTGTGGAATGTGTGTCAGTTAGGGTGTGGAAAGTCCCCAGGCTCCCCAGTAGGCAGAAGTATGCAAAGCATGCATCTCAATTAGTCAGCAACCAGATGTATAGTCCGGATCTAATTCGATACTCCTACAGGATTAAACCCTCATACTTATAGACGACCAAGGCCGGGACAGAGCTCTCGATCACCGTACTCAGAATCTATTAGGACACAATGTCGATACCTCATAGTGAGCGACGTTCTTGCCAACACCCGGTGTCTCCTCTAATATCAGACTCTAGAACCGTGCAGCCTCCCGACTCCTAGGTTGTATCAACAGTAATACACGGGAATGAGGATACGAGGAGTGTGTGCAACGTTTGGGCTTCCAATTGCGCAGGGTAACTACCAAACTAACCGAGGCTTGCGCAAAAATGGCAGAGATCGGCTTATAGAGAAAGGCGTGCTGAGAGTGCATGCACAAGAAATGGAGTCGCGTACTATGAACCAATGGAGTCAC
54,TGGGACTGCAATTTAATGATAAAACGCCGATCTGTACCGCTTTCGAATACGCCAACAGGGATATAACCGGAGTCCAGAGTAAAGTAGTTATACGTCGCGTCTACCTAAACAACACGTCCGCTGAAAGTTATCACAGGAGGGTCCCGTATGGGCTGTGCGGGTGCGCACTAGTGAGTAGAGATTCAAACCAGAGCTAGCTAACGACCGTCTTGCAGCAGCCTCTAACTCCGTCACGCGACCCAGCCCATGATCCGACACACACAGGTTTCTCCCTGCTCAAGGAGCGTGGATAAGTCTGAGCCTATTCGGGTGAGAGCAGCATTATATCGTGTTCCTGCAACCATACAAGGTGTCTTATTACATTCGTTGATTCCGATTCAGCAGGCATGAATCCCCCCGCAGCGATCGGGTCTTATCTGCCAAAATGTTATCCGCATGGGGGAATGGCCAAATGATAGTATAATAAGGCCAGAATCTGTGTACAGTAAAGTTTGGCCACAACCAGCTGTGGAATGTGTGTCAGTTAGGGTGTGGAAAGTCCCCAGGCTCCCCAGTAGGCAGAAGTATGCAAAGCATGCATCTCAATTAGTCAGCAACCAGGAATCCAGGGGGAAGGGTGCTCCTATGCCAAGACAGATATTGTTAGCGGAGACGGTTACTGCGATTCCGAACCTTACAGGGTCTACTCGATCCCTGTTGCTTGGTAAAGCACAAGCTGTAGGGGAACACTGTTCGCTTCACATGCATCCTTGACCCGGGATTGTGCCCGCGACACGATGCCGCGTTTCTGTACAATGGCCCGTAACGATATGACAGTGATTTGAGGCGGAGGCCCTGGCGTACCCAACGGCAGCCAAATGTCTAAAATATCGTAGGTCGCACGACGTTACCTTCCCTCGTTAGTCTTAAGAAGCAGAGTCTGGAACTAAACTTGGTTTATAGAGTACCGGGTGTACCTATGATGGTAGTAAGTCAGTGTGTATGGGCGGGGCGAATGCGG
55,GGTATCTTAACACAGCCTCTTCTTGCGGTTGCCTAATCAGAATCGTGGATCTTGTTGATCGAGGAAAAAAAGTGGAGTAGATTTGAAGTTATAGACGCCGGGTGACAACAAAGTAATGTCTATCGGGGAGAGATTGCATGTTGCTGCCTGGAGTTGGGAATCAAATACGACGACACAAACAGCACGGAAGGCCTGATAACTGAGGGGTGAGCATTTAAAGCAAGATAACGCGTGTTTAGATATTCTTTACTGATTTAAAGGCAGAATCGGAAAAATGCTGACTAGTAGAGCGAATACTAAATCCAGGGGTTGGTCGGCAGTAATTAGGGTTTAAGAAATGTCGAATTCAGCTCATGAACCGGTGCTGACGTTAGATAAGGGACGTCCTGATCGTTACCCGGCTTTAGAAGCTAGTACGGACTCGAGGAGGATGCGTCGCAAAAGTCCCCCACTTGATTGGTCTCTCCCGAAGACCTTGCTCGACCGCAGTCTTTCCTACAACCAGCTGTGGAATGTGTGTCAGTTAGGGTGTGGAAAGTCCCCAGGCTCCCCAGTAGGCAGAAGTATGCAAAGCATGCATCTCAATTAGTCAGCAACCAGTCCTAGAAAAAAGGGTGGAGTTCGGTTTTTTGCTCAATACCCCACTCTCAGTAGCCCATCTCACAACTCGAGTCGCGTCCCTACGGACGCCTGTGTCATGATACACAGGTGTACGCGGAATCAATTACATTTGATGGGTCAGTGAATAACCGGTCGGGATTAGTCTGTGTGCGAGCCGGGAAAGTTACGACGATCTAACCAGTCCCCCAGCTAGTTTTGAGTCCCGTGGGACTTTTAGCACACGAGCTGGCCGCGTCACTCCATCCCTTGAACAACCCTACTGAGGAAGCCTTAGTCTATGAGGAAGAGTTCGGCAATTCCCCTGTTGCCAATGAACCATCTCCGTGCCGAAGTGCCCTATTAGGACTTTGCGTAAAGACTATCGATATTCAAATAATAG
56,GCACGCGGGCCCTGGGCGTGAGCGTATCCTGATAGCAATGCATACGACGTAGCACGTGCCGTCCAATTACCTTCGACCCAGGAGTCTGTAACCGAATTTTGTATACTTATCTTCAGAAACCAGAGTCCGACACAGCATGACAGCTTACACAGGCTACTAATTCAGCCGAAGCACAACCTAAGGTTCTACAATCATACACAATTTGAAGATGAGCAAGAGTCGCGGGGCCCCGCTAGGGAAACTTGCGGGTGTGAGAGTCAAGAAAGGTCTCTCATAATCGTCAGCGGTTCGCGAGGCTTTCCTGTGCGGCCCTCCCCGTCGCTACGACCGACCCGCGGGACCACACATATCTAGAGCCTCATCGCCGAGAGTGCAGACCCATACAAAGGAGAGGATGACCAACGGCGTAGGGCCGTCTCCTTCACGGATTTCTGGAGCGTGTGCTGGCGCCTTGACCCTACAATTCCTAGACCGTTATTTCATGGGGTCCTTGCTACACAACCAGCTGTGGAATGTGTGTCAGTTAGGGTGTGGAAAGTCCCCAGGCTCCCCAGTAGGCAGAAGTATGCAAAGCATGCATCTCAATTAGTCAGCAACCAGCACATCTGAAGGTCGAGGACGATGCTTACTGCATGAAACTGTTATATATATGACACGACTTGCTCTAAACCCCATCCCGGAAAATGCCACCGTTACTGCCTAAATACACTTAGGACGTTCTCAAATTACTTGAGAAAACACTCTCCCCTTCAGTAGGCTCTCCAGCCAGCATGATAGACCTCTACTTTAAATCAGACTCTTATTACTGTTTAACCGGGGGCTGGGACGAGATGTGGGCACTTATTTTAATTAATTCTCGCAATTCGTCTGAGAGAGTCGCTTAATTACAGGTTGGCATCCGGAGATGGGAGCGCACAGAGTTTTAGGTGCACATCCGAGTGGTGGGGAGTGTAAACGGGTTCGGGTTATATGACAGTAGATCACCCAGATGAGGATAGCA
57,CGGTTATACATCACTGTGAGTGGCACGCTCACAGACGTGGGGTTGCGCTCCATGGACTCAGCAGAGAATGCGCTCCCTTGTGCCTGAAGTGCTATCGAAGCGGTGGAGCCGACAAGTAGAAAACCATTGATAAAATTCCAGGTCTCATGTGAAAGAGCCCGAGTATAGTTTTAGATATTACCGGTACTGCAGTGCGGACTTTTCTTATTCAGTAGAGAGGGTTGCTGCCCAGACGCTAGGATCGGGTCTTTTTCACTTAGGCAATAGTCTATCCCCATTACTGTAACTGGCGCGTAATGATTGTTGGTATAATACGGCTAGGGTATAAAGTGGTCCTTTGGGATAAGCCTCGCCGTTTGTGTCGTAACATCGTCACTTCAAGAGTCCACCCTGTATACATTCTGGCGGAAACAGAACACTTTGAAAGCATCCCAGACATGTGGCAACTGCATGGGGCGAGCTAGATAAGCGTGCTATAGAATCCAATTGTCGGGAGATTAACCAGCTGTGGAATGTGTGTCAGTTAGGGTGTGGAAAGTCCCCAGGCTCCCCAGTAGGCAGAAGTATGCAAAGCATGCATCTCAATTAGTCAGCAACCAGATCCTCACCTCCTGTGGATGTAGGTATCAACGCGGAAGATGAAAACGCTCAGCCCGTTACGAGCTGCGTGCGACCAGATAACGGTCCGGTTTTGATTCAGGACATGGAAAGAGCAACTTGCTCATAGCTCGGTACCCATTTGTGAACGTGAGAGGCGTAGACTGTCCTTCCGACCCGACTTACGGGACGACAAATCCAGGGTCCTCGAGTGAGATGAGAGTGCTACCCGGCAGTAAATGACATAATCGCTTTCCTTTGGCACATGCCTCACCAAACGAGGGTGCGATGTTATTTATGAGCCTGGAAGCACTGGTGTGTCGAGCCGGCCTCTAACACATGACCTCGAATCAAGTGGAGCTACCATCGAATGAAGGGCGAAACGTTGGACTCTGCGTGAAAT
58,GACCTGATGACCACAGGAGAGATGCTTAACCGTTAAACCCACGTGTAGCACGCGGATTTTGCGCCTGCAAGTCCCGATCACGATAGAAAGCCCACCGGTTCCTTCAGATTTGCACATTAGACGCCGCCACCGCCATCTCTGCCTGTCTGGTGTTAGATAGTCGACTAAAAGGAAGGGGATTAATGAGCGGACTGCAACGGGATGATAGCGATTGGGCACATAAGTAACGAAAGGGGACGAAGGGCTCCATTGGCACCTTGCTTGTAGCACCCGCTTAGGACGGGAGTACCCCAACTCCTCGATTACTTATGAACCATTTTTCCCAATCCACATGTCCTTAAACGGTCTCGAAAAACGTTCTGAAGCTCAGGATTAAGGGTAATATATCCATAACGCTAGCTTCGCCAAGTGTAAACTCGCCGTAGCTTCGAAATACTGGCCATGCGCTCCCCGTGATGGCGGCAGCCGCTTTCACTACTGGTGGTTCGCATAGGGTAGATACCAGCTGTGGAATGTGTGTCAGTTAGGGTGTGGAAAGTCCCCAGGCTCCCCAGTAGGCAGAAGTATGCAAAGCATGCATCTCAATTAGTCAGCAACCAGGAGACAGAGTATTTGGCTGTCAACAGCCGGGGATTTTGCTACGACGTGTTGCTCAGGCTAGCCGGCATAGCTCTGTCGCCGTAAGCTCAGTCTGGTATTACCAGGAGCTGTGGACGTATTACGTAAGTGGTTCGATCAAGTCGTCTTCTATCGTGACGTCCTGTATAGCCCGGACATATGGAAATGGCTCGACCCGGCGTAGGAAAAGTTACATCAGGGATCCTCAAGGATCGTAACAGGAGACGTAGGTTCCACAGCAAGGATGTTAGCTAGATCCTGCCCATTCGACGATCCTCGCTGCGTGTTCCAATACCCAGGTCCCTTACAGATTAGGTATGGGCTCATTCACAGAACGGTCCACGAATATGACGATCCCCCCTGTCTAGATGCAGTGACATAT
59,CCACTATTTTAGCGGAGCAGACCCCTATCGCAGCCGATAGTTTGACCTCTGTTCCGTTACTAATAGCCGTAGCCAGGAAGGCTTGCCTGTCTGTTGTACCTGAGAGACTCGACCCCAGCATACCCTTGTAGTAAATTCACACGTCAGACAAAGTTTTACTAGGGAAGATCTTCGGAAGGGCCTGAATGAAACGCGCACTCTACAGCGCGAGGGAGCCTATTTCGACCACAAATGCGGCTGCTATCATCAGATGAGTGCCACGTTGTGCGTCTGCCTCCGCGTTCCGTCCATTACTGTATTTTAATGGCCCAGCTTATCTTGGCGGTATTTTCGCATAAGAGACCCGACAAGGGATTCTACTATCTGCCACTGGCCATCTTATGGGACTTGCGTGACCGTCTGTTGGAGTCAGGACCACATCATATTACAAGCGGCCCCGAGGGGTTGTAGACACACAAGCCAAGTGCTACCCAGAAACCCTCAATGTCGTGGCTTAACACACCAGCTGTGGAATGTGTGTCAGTTAGGGTGTGGAAAGTCCCCAGGCTCCCCAGTAGGCAGAAGTATGCAAAGCATGCATCTCAATTAGTCAGCAACCAGCGCCATGGATCTGGTAGTCGCTGACCCAAATGCCTCGAGGAGAGGTCAGCACTAGGCTTCAGATAGGACCGCAAACGGTTCATTTCTCCCCATGGACAGAGTCACTGCGAGGGATAAGCACTTCTATCGAGTTAGTTCGCGCCTGCGATCACCGTAGCCTCTATGAGGTCACTCTTGGCTCCGAGTGCCGTCCTGACTATACTACTGTTCAAGGGAGTGGAAGCTAGTAGGCTGGTGTTAGCGGCATATGGCGTGTCGCATGTCCGGCTTGCTCTTGGGCTATAAGTCGACCAATATCTATCGTCGAGCTTTATTGCAACGTTGGGCTAAGAGCTCGTTTGATTTCGAGACATGCGTACCTCAGGGGGTCGAGCATCACCTCACTCCGCGCATTAGATAA
60,ATTTCTAAGACGGAGGCGTGAAAGCACGATACGCGCTGACTAGAGTGTAAGGTCCGCGCCGTCATCGCGGGCAGCACGTGGCGTAGAACGCAGCTTGATAAGATGTGGATTAGTGGAGCCTAGAATACCAATGTCAAATCCCTGGTTCCATGAACTCTAGGATCAAAATAGGGTGCCAGCGCTTCTAGCTTCATCGGCGATTGTCTCGCTGATATTTCTAGTCCTGCACGTCAAAATGTCCAATCAAGATCGGCTTAATGTTTAGCTACAGAGACAGTATGCTCCAGCCCGACACTGTTCTCGTTCGGAAAACGGGTCTGGTGGAGGTGTTTAGCGACCGCTTCATGCTCGTTGCCTTAGCTACTGCGTTATCGCTCTCTACAGCCCAGCGGGCTACTCGAAGAGGCGTCCTACTGGACTATCACATCATAAGTGAACCATTAACTGCGAGATCCATTGTTAGACTGCGATCACTAAGCTCACGGTGTTGTACAGTATAAACCAGCTGTGGAATGTGTGTCAGTTAGGGTGTGGAAAGTCCCCAGGCTCCCCAGTAGGCAGAAGTATGCAAAGCATGCATCTCAATTAGTCAGCAACCAGTTGTCTACGCGCCAACTCTCAATTTCCGTGGCCTAATGGTCCCGGTCCCTCATGCGTACGGTTTGATTGAAGACGCTCCAGACATTCCGCAAGAGCTCCTTATTCTTCGTCACAGATCTATTAGCCGGTAAATGAAGAGTGCCATCAGCAATTCGCGCTACAAGGTATACGACCTACTCCTCCAAAATCATTTGTCCTGACAGAATTCGTGAAAGTAGATTGGTTTGGGTGGTTGACTCACCTGGCGTCCCGTCCCCGAACCCGCGCTTGTCAGACCTTTGGAAACATGACTCGCCACAATGAGTAGAATTCAGGTCGTTAGACCACCCCGAATTACGCCAATTCGCTAGTTGCTGCACCCTCGGCCGGGCGCACTTAACCAAAGTTAGTACACCTTTAT
61,GGTGTAAGCTCTATGCAAGTCCTAAGGAGTAAGGTTTCGCAGCCTCGAACCTCCGTGGCATTTGAGAATTCGCGATAAGTCGCGTTTCCACACACACTACTCGATTGGGTAGAAGCGGACACACCACAATACTGTCATCTTTACACTGCATTTTCTGCAAGAGCATAACGTTTCCAGAACCTTACGACGGTTGCCCAGGAACCTCCAGGCATGTAACTGAGCGAGGCCACGGCGCGTTTCCACTGGGTCAGAACTACCAGCTCTCAAGGGGCCGCGAGAAGCTGCACGACGGGCACGAAGAGCGACGCCAAATGCTGCGCCATTTTCATCTCGACGAGCTCGTTCTGCGAGAGGGACGTGCTCGATTCCCACAACCTGTGGTATGACAGTTCGAAGCTAGTTCAGGCGGAAGCACACCTGCACGCACCACTCCAGAGCTGATTCATTGGATGCGATCATTCATGGACACTGACTTAAAGTGGCATCTACTCAACATAGCAACCAGCTGTGGAATGTGTGTCAGTTAGGGTGTGGAAAGTCCCCAGGCTCCCCAGTAGGCAGAAGTATGCAAAGCATGCATCTCAATTAGTCAGCAACCAGTCACGGGCGCGGCAGGGGGATACAGTCCCGAAGCCATAACGGCACGTATTACGGTTGCTGAGTACTCACTGTCTCAAGTGAAGTGGTGGAACGTGATCTGTCTGCTCACCAGGTGTATTTGTCCGCCACTATGTCAATCACATTCCACGACTTGACTCTCGAACGAAGTCCGAATTAACGGAGGTTCTCGTATTTAACGATATCACTGTCTCGCGCTCTTGGCCAGCATCTATGCATAACAGCATTTCGTATCCAAGGAGCTTTCCAATTACGCTCATCTGAGATAAAGAACATCACAACAAGGACTCACAAGTGTTGGGAGCCCGACGATCTAATACGACTAGTAAAGTCACATTTATGCGCGCAGATTTCGATAGCTTAGGGAGAAACAACATACCTA
62,GTACAGATGGATGCGTCGTTGTCTGGTGGAGTAGATTGCAGTCAATGACTACGAGAAGAGGCACGTCCTATACGGCATAGGGCAGAGGCGAATGCAGGGCTCCAGTTGAGCCTGTAGGTGATTTTATCCATCATATGCTACGAGACAGGTGATCGACGCAAGTACGATTTCCCGATATCCTGAGGGCAACAGCATAGGCCTTATAAACCGTTCATACAGCACTAAGTCGCCGAGACCTGGGTTAGTACAGTCCTACTAAATTAGCCCGGCAAATCGCACACGCGGGAAGACACAGGTTTCCTCACCCTGGTGTTATCCGCTATGGTTAAATGCTCTGAGCTAGAGTAGGATATGATACTAGTGTGCGGGGATCGACGACTGATTCGTTGAGTGGTGATGCCTCCTCTACTTCGGTTGGAAAAAGAAGGTTAATGTTCCAGCACTGGGGCTAGAGCAAAGGCACTTTCGCATATGTGAAATCCGTGTAATATGATGTCGATACCAGCTGTGGAATGTGTGTCAGTTAGGGTGTGGAAAGTCCCCAGGCTCCCCAGTAGGCAGAAGTATGCAAAGCATGCATCTCAATTAGTCAGCAACCAGACGTTTTGAATTTAGGGGTTCGGTCAGGCAATAACGTACACGATCCTCCCTAGCAAGGTGGTGTATTACCGGAATTAATGATCAGCCTGGTAAAAGCGTGGTCAAATAGTGCAAGCACAAGAAACCTCATATAGAGATCCCAGCTACCGTACAGGGTGCCAAGGCAAGCCCCAACAGTTTCGAATTAAACACGATAAGCAGTCTGTTATCTCGGCTAGATGATATTCGTTTCACTATGAAGGCGGGCATTAGACTGAAGGGATTTGGAGTTTCGATGTCGAAATACTTCATTAACGTCACCCTGGAGCGTGCTCACCATAGATTATCGCGTCTTTTACTTACACCTATAACGATCGATGAATTGTATAGGTATAGTATTGGGTCATCAGGCCCCTAGGCG
63,GTCTAACTGCGTTGGTGGAATAGCAGATGACCTGCAATTTAGGAAGCAGGCACAACTACAATGAGTCGCTATAGAGCTAAGGCTGGTGTGACACGACGCGCGATCGCAGGAAGTTCTGGACTTATCACCTCAGTACCTCTATTCCCGGTTCTGGCATAAGATCACCGAGTTTGTAGTTGTAATGCAAGTCGTATTGTTGATATTCTCTCCAAGTAAAACCTTTGTAGCTAGAAGTACAGCGTCCTATTACATCAATGAGTAAGAGAGGTTCCTGCCGAGGCCTGACAAGGAAAGCACTGCGCACGGCGATGCTTCACGTCGATTGCTAGACGTGTCTGACAGCTGGCGCTCAGTAGTGGAAGCACACGTAGATTGTTAAGCCTCTTCCCGGGGCGCAGATTAGGATTCTCAGCTTAGCGGCTGGGTGCTAGGTATCTGCCCTTAGAATAACTAATTGTCGCCGAGACGTGTAGAACGTCCAACCTCGGGACTCGCAAGCCACCAGCTGTGGAATGTGTGTCAGTTAGGGTGTGGAAAGTCCCCAGGCTCCCCAGTAGGCAGAAGTATGCAAAGCATGCATCTCAATTAGTCAGCAACCAGGGTGGATTTGTTTCTTTTATCTTCGGGTAGAGCGGACAAGGGCTTTACAGAGCGTGTTGAGCATCGGGCTGGCCTCTTCAGCGGAGGATTTCCGTCACAGTCTCTACCCATGGCGTATGAACCGCGCGAGCATTATTTACATTCGCATTGTAAAAAATAAGTCAGTTCAGCTCTTATCGGTTGCTCTATAGAGCCATAGAATCCAATGACTGATAGTACGTTCGGCCGTCCGAGGCGTACGCTAGTTATGATGTGTCGTTAAGGTCCGCGGAAGCTCAGCTAAGAGATCTGCACACAGGTAAATTCCGTGAACCTCGTCCGGCGGACCTTATGTTGCCCAGATTTGCGTACGTAGTCGCTCTTTCCTCACGATATATGAAGCCCCAAAGCGTGCACTTAC
64,TATAAGGGGGTGTCCAGGTGCTCGTCTCGCCAAGGACATGGCCTACAAGGATGAAAACTTCGGAACCCCCTACCTCATAGTCTCTCAAACCACTACTTATCGTGACTGTTGAGAGACTTGAAGGTATTCGAAAACATAAGTCCGAGGTGTTACCTCACGACTAGAAGTGGACTGGTTCGAGTGAGCGATACCATCGCCTCGTATACGCGTGTGGATATCCCCCGCTCGGATTTGGCGAAAGACTATTGGCAATAGAAGCAGTTAGAGATTAACCTTTATCATCCGGCGAGTGCGAACAGCTCGTCCAGGTGGGGGTGAGAGGAAGTGGTCAATTTACAATCAGCGTCCCAATTGGGATCTTGGAATACCGACGTAGCATCAAGTTCGGAGCGCACTCGAGCGTGTACAAAGATCGGACGGCGCGCCCAACACATCGCCACTCTAGTGCATAGAGCTACCACGGTAAATAATAACCTCCCTCGCAGATCCGCTTAGCATACACCAGCTGTGGAATGTGTGTCAGTTAGGGTGTGGAAAGTCCCCAGGCTCCCCAGTAGGCAGAAGTATGCAAAGCATGCATCTCAATTAGTCAGCAACCAGACCCCTCGTGTAGGGCGGCCGCCCCACTGAACATAGCACAAGCTCCGATAAAGAAAGCACACCTTGACGTAAAGGGCGGTACCACGGGGCGTAAAACTTCCCGTCCCCAAATCCCGAGCGCATGCGTTCATCCCAAGATTATCGACATTAGCTGCGCAAATGAAGTCGGAACTTAACCTAAAGCACGTCAAACTCGCAAGGAAGGAAGCATATTAACCCATACTTTAAGCTTTCGTCGGGTTCCCTTGCATTGAATACTGCCTCAGGCGGGGGGCTTATCGTTGGACGGCCTCGCTTCGGGGACTTTCGAGAATGAGTGCAATTACTATTCGTTTACTTAGCTAGGCGGAGCCTTCACATGTGTATAATTAACCGGCTTTCAAGGCTGAACCTAAATGAG